GNIS_ID,FIPS_CODE
1314481,78570
1314481,78570
1462355,00244
1462375,00420
1462395,01016
1462400,01136
1462423,01272
1462426,01528
1462437,01608
1462535,02152
1462558,03208
1462565,03272
1462571,03288
1462755,04200
1462835,05064
1462846,05224
1462937,05485
1462977,05480
1463039,05912
1463039,05912
1463064,06392
1463069,06632
1463076,06712
1463247,07164
1463261,07168
1463454,07640
1463455,07656
1463528,07832
1463757,09208
1463830,09810
1463848,10008
1463870,10072
1463870,10072
1463884,10296
1463935,10456
1464090,11256
1464115,11560
1464121,11592
1464244,12104
1464259,12168
1464425,12792
1464432,12884
1464465,13224
1464495,13320
1464551,13635
1464658,14056
1464663,14136
1464672,14152
1464687,14312
1464696,14344
1464699,14408
1464752,14984
1464753,14995
1464768,15100
1464808,16284
1464808,16284
1464849,16464
1464850,16480
1464885,16560
1464923,16720
1464930,16848
1464932,16880
1464956,17056
1464963,17120
1464965,17152
1464978,17296
1464998,17632
1465109,18176
1465152,18880
1465196,19017
1465285,19408
1465389,19840
1465433,20224
1465440,20288
1465481,20400
1465516,20704
1465571,21008
1465597,21312
1465671,22368
1465804,22550
1465871,22810
1465875,22816
1465883,22920
1465927,23264
1465943,23376
1465945,23392
1465990,23600
1466048,23940
1466175,24885
1466190,25104
1466241,25424
1466242,25440
1466261,25616
1466358,26288
1466370,26304
1466374,26384
1466377,26416
1466402,26976
1466493,27355
1466496,27370
1466533,27712
1466563,27872
1466626,28025
1466627,28000
1466869,29824
1466944,30144
1467047,30665
1467129,31104
1467186,31728
1467264,31936
1467264,31936
1467267,31952
1467331,32064
1467332,32055
1467349,32208
1467429,32496
1467497,32624
1467538,33232
1467602,33744
1467619,33824
1467632,33920
1467734,35325
1467746,35400
1467759,35528
1467865,35992
1467909,36300
1467920,36355
1468030,37135
1468065,37320
1468068,37432
1468078,37560
1468089,37640
1468156,38012
1468202,38280
1468226,38408
1468253,38504
1468341,38728
1468346,38776
1468406,39144
1468433,39224
1468437,39256
1468443,39368
1468445,39400
1468492,39752
1468520,40056
1468521,40088
1468571,40280
1468641,40504
1468910,41384
1468935,41656
1468949,41880
1468970,42184
1468986,42264
1469025,42596
1469029,42760
1469093,43208
1469104,43618
1469133,44008
1469133,44008
1469155,44280
1469253,44712
1469346,45490
1469618,46088
1469734,46472
1469870,47112
1469954,47704
1469992,48312
1470009,48600
1470024,48776
1470054,49096
1470085,49320
1470139,49720
1470148,49928
1470191,9230R
1470332,50824
1470344,50968
1470344,50968
1470421,51432
1470422,51448
1470553,51928
1470571,51976
1470571,51976
1470629,52248
1470658,52408
1470669,52504
1470673,52536
1470684,52648
1470693,52888
1470699,53016
1470714,53035
1470728,53112
1470776,53384
1470791,53496
1470796,53720
1470947,54048
1471026,54102
1471109,54376
1471171,53565
1471185,53640
1471251,54456
1471326,54920
1471328,54984
1471345,55208
1471379,55448
1471466,55832
1471477,55920
1471482,55928
1471523,56096
1471528,56160
1471529,56144
1471530,56240
1471640,53880
1471678,57870
1471695,58072
1471697,58152
1471747,58184
1471759,58312
1471790,58472
1471793,58584
1471815,58856
1471821,58930
1471833,58952
1471835,58958
1471945,59544
1471986,60024
1471988,60040
1472006,60120
1472020,60296
1472036,9260R
1472139,61112
1472153,61160
1472211,61755
1472249,61896
1472274,62110
1472316,62232
1472397,62728
1472430,62792
1472448,62856
1472458,62952
1472465,63010
1472527,63208
1472576,63576
1472674,63848
1472682,63800
1472779,64480
1472854,64922
1472867,64976
1472871,65008
1472881,65088
1472902,65232
1472912,65312
1472928,65365
1472929,65385
1472946,65480
1472978,65712
1473020,65744
1473020,65744
1473039,66112
1473083,66256
1473130,66384
1473130,66384
1473145,66528
1473182,67052
1473194,66928
1473206,67208
1473229,67256
1473263,67460
1473271,67688
1473420,68464
1473422,68475
1473503,68608
1473609,69280
1473618,69392
1473642,69472
1473855,69936
1473855,69936
1473974,70048
1474026,70296
1474053,70384
1474069,70520
1474116,70752
1474116,70752
1474124,70880
1474178,71312
1474192,71350
1474227,07960
1474289,79680
1474300,87888
1474316,87952
1474333,88108
1474359,88176
1474372,88320
1474409,88432
1474452,71616
1474488,71885
1474580,72500
1474612,72600
1474618,72672
1474627,72725
1474662,72992
1474663,72976
1474779,73200
1474822,73472
1474844,73720
1474872,73904
1475060,74998
1475128,75456
1475137,75536
1475160,75552
1475196,75792
1475417,77344
1475418,77800
1475422,77375
1475531,77840
1475548,77968
1475605,78208
1475621,78112
1475702,78544
1475706,78592
1475737,78774
1475786,79088
1475820,79152
1475850,79312
1476009,79808
1476015,79824
1476084,80016
1476143,80505
1476174,80768
1476176,80896
1476188,81136
1476188,81136
1476229,82512
1476319,82992
1476323,83008
1476372,83440
1476409,83744
1476429,83800
1476430,83808
1476436,83904
1476439,83936
1476528,84768
1476529,84760
1476590,85440
1476645,85600
1476686,85712
1476700,85808
1476702,85824
1476727,85984
1476727,85984
1476952,87408
1476983,87760
1477028,88096
1477028,88096
1477060,00276
1477062,00315
1477063,00596
1477064,00628
1477065,00644
1477067,01210
1477068,01225
1477069,01512
1477070,01592
1477071,01704
1477072,01720
1477073,01816
1477074,01864
1477075,01992
1477076,02008
1477077,02024
1477078,02210
1477079,02285
1477080,03336
1477081,03360
1477082,03448
1477083,03464
1477084,03485
1477085,03672
1477086,03720
1477087,03768
1477088,03810
1477089,03960
1477090,04024
1477091,04232
1477092,04488
1477093,04536
1477096,04712
1477097,04835
1477098,04946
1477099,04952
1477100,05185
1477101,05400
1477102,05512
1477103,05624
1477104,05800
1477105,06008
1477106,06104
1477108,06552
1477109,06776
1477110,06872
1477112,06960
1477113,07064
1477114,07384
1477115,07544
1477116,07672
1477117,07704
1477118,07720
1477119,07848
1477122,08008
1477123,08035
1477126,08312
1477127,08320
1477128,08538
1477129,08600
1477130,08625
1477131,08680
1477132,08744
1477134,08824
1477135,08968
1477136,08995
1477137,09064
1477138,09256
1477139,09360
1477140,09608
1477141,09672
1477142,09740
1477143,09784
1477144,09920
1477145,10088
1477146,10280
1477147,10408
1477148,10575
1477148,10575
1477149,10632
1477150,10655
1477152,10720
1477153,10712
1477154,11170
1477155,11192
1477156,11216
1477157,11312
1477159,11535
1477160,11672
1477163,11885
1477164,11896
1477165,11944
1477165,11944
1477166,12130
1477168,12152
1477169,12184
1477170,12424
1477173,12664
1477174,12872
1477175,12968
1477176,13000
1477177,13064
1477180,13208
1477182,13272
1477184,13400
1477185,13432
1477187,13448
1477188,13544
1477189,13640
1477190,13880
1477191,13896
1477192,13908
1477193,13957
1477194,14088
1477195,14705
1477196,14720
1477197,14765
1477199,16336
1477201,16432
1477202,16544
1477203,16630
1477204,16795
1477205,16928
1477207,17072
1477208,17136
1477209,17270
1477210,17600
1477211,17920
1477212,17936
1477213,17960
1477215,18048
1477217,18256
1477218,18368
1477219,18375
1477220,18768
1477222,19008
1477223,14446
1477224,19152
1477225,19216
1477226,19225
1477227,19385
1477228,19575
1477228,19575
1477229,19712
1477232,19868
1477233,20372
1477234,20416
1477235,20435
1477236,20464
1477237,20444
1477238,20576
1477239,20832
1477240,20880
1477241,20992
1477243,21065
1477244,21175
1477246,21335
1477247,21408
1477248,21440
1477249,21456
1477250,21525
1477251,21536
1477252,21968
1477253,21680
1477254,22004
1477255,22008
1477256,22012
1477257,22192
1477259,22240
1477260,22272
1477261,22390
1477262,22393
1477263,22455
1477264,22480
1477265,22555
1477267,22855
1477268,22864
1477269,22936
1477271,23105
1477272,23110
1477273,23328
1477274,23420
1477275,23430
1477276,23620
1477277,23568
1477278,23632
1477279,23640
1477280,23655
1477281,23664
1477282,23705
1477283,23815
1477284,23888
1477285,23904
1477287,24080
1477288,24535
1477289,24425
1477290,24816
1477291,24855
1477292,24944
1477293,25168
1477294,25216
1477295,25220
1477297,25248
1477297,25248
1477298,25350
1477299,25376
1477300,25472
1477302,25480
1477303,25504
1477304,25552
1477305,25600
1477306,25824
1477307,25840
1477308,25895
1477309,25935
1477310,25952
1477311,25975
1477312,26096
1477313,26176
1477314,26448
1477315,26908
1477316,27008
1477317,26944
1477320,27648
1477321,27750
1477322,27755
1477323,27792
1477324,27904
1477325,27984
1477326,28120
1477327,28064
1477328,28090
1477329,28032
1477330,28128
1477331,28016
1477332,28112
1477333,28490
1477334,28505
1477335,28960
1477337,29360
1477338,29380
1477339,29408
1477340,30384
1477341,30464
1477342,30480
1477343,30592
1477344,30780
1477346,30816
1477347,30864
1477348,30932
1477349,30938
1477350,30955
1477353,31040
1477354,31250
1477355,31392
1477356,31408
1477357,31670
1477358,31760
1477359,31776
1477360,31850
1477361,31820
1477362,31860
1477363,31888
1477366,31972
1477367,32048
1477368,32416
1477370,32424
1477371,32848
1477371,32848
1477372,32864
1477373,32920
1477374,33200
1477375,33344
1477376,33385
1477377,33392
1477378,33408
1477379,33480
1477381,33720
1477382,33724
1477383,33728
1477385,33904
1477387,34112
1477388,34144
1477389,34235
1477391,35085
1477392,35185
1477393,35288
1477395,35336
1477396,35368
1477397,35470
1477398,35600
1477399,35795
1477400,35850
1477401,36000
1477402,36056
1477403,36184
1477404,36312
1477405,36372
1477406,36376
1477407,36400
1477408,36415
1477409,36568
1477410,36632
1477410,36632
1477411,36770
1477412,36876
1477413,37075
1477414,37165
1477415,37464
1477416,37480
1477417,37608
1477418,37695
1477419,38000
1477420,38068
1477422,38270
1477423,38480
1477425,38584
1477426,38652
1477427,38680
1477428,38696
1477429,38760
1477430,38840
1477431,38936
1477432,39240
1477433,39608
1477434,39768
1477435,39864
1477436,39928
1477437,40072
1477438,40104
1477439,40136
1477440,40224
1477442,40360
1477443,40600
1477444,40680
1477445,40728
1477446,40920
1477449,41176
1477451,41208
1477452,41284
1477453,41320
1477454,41355
1477455,41452
1477456,41458
1477457,41528
1477458,41640
1477461,41875
1477462,42328
1477463,42590
1477464,42768
1477465,42824
1477466,43025
1477467,43040
1477468,43044
1477469,43304
1477471,43800
1477472,43816
1477473,44072
1477473,44072
1477474,44270
1477475,44275
1477476,44344
1477477,44376
1477478,44480
1477479,44495
1477481,44760
1477482,44920
1477483,45032
1477484,45144
1477485,45288
1477486,45336
1477487,45375
1477488,45485
1477489,45575
1477491,45720
1477492,46144
1477493,46148
1477494,46152
1477495,46200
1477496,46520
1477497,46552
1477498,46700
1477499,46845
1477500,46936
1477501,47048
1477502,47215
1477503,47400
1477504,47464
1477505,47576
1477505,47576
1477507,47608
1477508,47730
1477509,47995
1477510,48280
1477511,48568
1477512,48584
1477513,48685
1477514,48792
1477515,48984
1477516,49032
1477517,49112
1477518,49304
1477519,49384
1477520,49416
1477521,49528
1477524,49944
1477526,50465
1477527,48456
1477528,48476
1477529,50552
1477530,50564
1477531,50778
1477532,50792
1477533,51112
1477534,51160
1477535,51304
1477536,51400
1477537,51470
1477539,51608
1477540,51615
1477541,51598
1477542,51816
1477543,52108
1477544,52184
1477544,52184
1477545,52300
1477546,52568
1477547,52580
1477549,52640
1477550,52776
1477553,53037
1477556,53368
1477557,53884
1477558,53912
1477559,53944
1477560,53976
1477561,54052
1477562,54118
1477563,53816
1477564,54584
1477565,54616
1477566,54712
1477567,54728
1477568,54895
1477569,55120
1477570,55256
1477572,55352
1477573,55475
1477574,55496
1477575,55672
1477576,55838
1477577,56256
1477578,56480
1477579,57608
1477580,57640
1477581,57736
1477582,57784
1477583,57992
1477585,58115
1477587,58465
1477588,58328
1477589,58880
1477590,59096
1477591,59250
1477593,59368
1477594,59475
1477595,59585
1477596,59635
1477598,59880
1477599,60030
1477601,60060
1477602,60072
1477603,60184
1477604,60264
1477605,60360
1477606,60376
1477607,60385
1477608,60456
1477609,60498
1477611,60856
1477613,61256
1477614,61260
1477615,61416
1477617,61784
1477618,61810
1477619,61843
1477620,61928
1477621,61960
1477622,62065
1477623,62115
1477624,62216
1477625,62552
1477626,62616
1477627,62925
1477628,62968
1477629,62995
1477630,63016
1477631,63128
1477632,63224
1477633,63416
1477634,63490
1477636,63608
1477637,63630
1477638,63676
1477639,63684
1477641,63820
1477642,64080
1477643,64320
1477645,64372
1477646,64640
1477647,64672
1477648,64736
1477649,64832
1477650,64848
1477651,64918
1477652,65040
1477653,65072
1477654,65344
1477655,65370
1477656,65445
1477657,65488
1477657,65488
1477658,65560
1477659,65600
1477660,65616
1477661,65664
1477662,65904
1477663,65910
1477664,65936
1477665,66096
1477666,66164
1477667,66155
1477668,66230
1477669,66240
1477670,66128
1477671,66280
1477672,66284
1477673,66370
1477674,66400
1477675,66544
1477676,66576
1477677,66760
1477678,66768
1477679,66825
1477680,66848
1477681,66880
1477682,67075
1477683,67085
1477684,67192
1477685,67214
1477686,67368
1477687,67784
1477688,68224
1477689,68240
1477690,68340
1477691,68368
1477692,68520
1477693,68544
1477694,68560
1477696,68720
1477697,68745
1477698,68752
1477699,68795
1477700,69045
1477701,69136
1477702,69174
1477703,69160
1477704,69335
1477705,69435
1477707,69560
1477709,69720
1477710,69744
1477711,69890
1477712,69910
1477713,70128
1477714,70144
1477715,70280
1477716,70336
1477717,70400
1477719,70464
1477720,70544
1477721,70560
1477722,70665
1477722,70665
1477724,70768
1477725,70944
1477726,71056
1477727,71168
1477728,71205
1477729,71320
1477730,71360
1477731,71408
1477732,71415
1477733,71520
1477734,71595
1477736,87880
1477737,87936
1477738,88048
1477739,88080
1477741,88336
1477742,71605
1477743,71755
1477744,71865
1477745,71920
1477746,72016
1477747,72032
1477749,72288
1477750,72490
1477751,72496
1477752,72512
1477753,72518
1477754,72550
1477755,72576
1477757,72650
1477758,72784
1477759,72790
1477760,73015
1477761,73040
1477762,73050
1477763,73184
1477764,73216
1477765,73220
1477766,73344
1477767,73424
1477768,73456
1477769,73504
1477770,73520
1477771,73545
1477772,73648
1477773,74230
1477774,74240
1477776,74288
1477777,74368
1477778,74720
1477779,74800
1477779,74800
1477780,75088
1477781,75130
1477782,75296
1477783,75744
1477784,75904
1477785,75945
1477787,76304
1477788,76360
1477789,76364
1477790,76544
1477791,76624
1477792,76720
1477793,76710
1477794,76715
1477795,76896
1477797,77050
1477798,77184
1477799,77248
1477800,77280
1477801,77328
1477802,77380
1477803,77392
1477804,77430
1477805,77472
1477806,77575
1477807,77590
1477809,78496
1477811,78528
1477812,78640
1477813,78656
1477814,78758
1477815,78896
1477816,78928
1477817,79095
1477818,79110
1477819,79125
1477820,79175
1477821,79280
1477822,79408
1477823,79536
1477824,79552
1477825,79625
1477826,79718
1477827,79756
1477828,79988
1477829,80025
1477830,80064
1477831,80096
1477832,80208
1477834,80230
1477835,80240
1477836,80256
1477837,80320
1477838,80368
1477839,80520
1477840,80675
1477841,80745
1477842,80832
1477843,80976
1477844,81088
1477846,82240
1477847,82270
1477848,82336
1477850,82568
1477852,82572
1477854,82736
1477855,82905
1477856,82910
1477857,83024
1477858,83056
1477859,83104
1477861,83280
1477862,83408
1477864,83562
1477865,83865
1477866,84070
1477867,84080
1477868,84602
1477869,85040
1477870,85090
1477871,85312
1477872,85376
1477873,85472
1477874,85696
1477875,85728
1477876,85760
1477879,85904
1477880,86150
1477882,86512
1477883,86592
1477884,86665
1477885,86912
1477886,86928
1477887,86935
1477888,86944
1477889,86955
1477890,87024
1477891,87045
1477892,87056
1477893,87160
1477894,87264
1477897,87664
1477898,87808
1477899,87824
1477900,87856
1477903,03800
1477916,36712
1477928,66832
1477940,85360
1477941,86656
1477963,01416
1477977,47240
1478022,58120
1478067,48712
1478132,04110
1478146,04632
1478172,06056
1478180,06680
1478208,07368
1478219,07600
1478357,14232
1478382,16576
1478425,19264
1478447,20272
1478489,22416
1478509,23536
1478541,24870
1478543,24980
1478554,25720
1478599,28080
1478665,31625
1478746,36728
1478762,37592
1478771,37736
1478861,41168
1478885,42090
1478888,42456
1478893,42600
1478923,43784
1478959,45932
1478973,46047
1479003,47480
1479007,47672
1479009,47816
1479023,48664
1479035,49070
1479037,49288
1479086,51080
1479118,52850
1479181,54680
1479183,54824
1479208,56352
1479230,57928
1479231,57944
1479241,58248
1479285,60136
1479363,63768
1479387,64768
1479406,66172
1479427,67512
1479471,69248
1479476,69495
1479478,69552
1479488,69776
1479531,70016
1479550,70260
1479552,70505
1479565,70928
1479630,72795
1479651,74075
1479715,77988
1479716,77992
1479796,81240
1479814,82656
1479821,83125
1479840,83712
1479849,84656
1479901,86560
1479901,86560
1479904,86608
1479923,87376
1480091,99001
1480095,99009
1480097,99013
1480098,99015
1480107,99033
1480108,99035
1480109,99036
1480111,99041
1480118,99057
1480119,99059
1480120,99061
1480124,99069
1480126,99073
1480129,99079
1480132,99085
1480133,99087
1480135,99095
1480136,99097
1480137,99099
1480138,99101
1480139,99103
1480141,99107
1480145,99115
1480147,99119
1480150,99127
1480151,99131
1480152,99133
1480157,99143
1480160,99149
1480161,99153
1480164,99159
1480165,99161
1480166,99163
1480171,99175
1480172,99177
1480173,99179
1480174,99181
1480179,99193
1480182,99199
1481263,00325
1481274,01080
1481292,01240
1481294,01336
1481320,01832
1481331,02040
1481340,03135
1481353,03512
1481357,03576
1481364,03656
1481433,04125
1481444,04328
1481487,04920
1481491,04940
1481499,05280
1481590,05585
1481617,06280
1481619,06424
1481621,06570
1481633,06705
1481729,07395
1481840,07800
1481852,08168
1481874,08152
1481930,08520
1481931,08536
1481959,08930
1482047,10472
1482085,10696
1482231,12216
1482318,12910
1482338,13240
1482400,13932
1482424,14195
1482454,14888
1482458,15032
1482528,16592
1482575,17344
1482588,17540
1482589,17544
1482614,17952
1482663,18608
1482671,18752
1482710,19210
1482754,19744
1482775,19765
1482840,20320
1482857,20505
1482862,20538
1482864,20544
1482886,20858
1482904,21184
1483036,22688
1483084,23408
1483091,23552
1483150,23584
1483156,23680
1483171,23952
1483194,24224
1483217,24680
1483251,25115
1483265,25312
1483269,25328
1483301,25792
1483315,25984
1483355,27184
1483372,27255
1483380,27376
1483384,27488
1483421,27920
1483427,27968
1483451,28295
1483491,28896
1483549,29920
1483571,30192
1483573,30208
1483576,30215
1483619,30896
1483631,30950
1483656,31056
1483667,31376
1483687,31696
1483759,32320
1483820,32704
1483848,33440
1483849,33424
1483881,33856
1483910,34208
1483995,36008
1484011,36248
1484025,36328
1484047,36472
1484093,37090
1484144,37704
1484165,38152
1484166,38168
1484199,38380
1484310,39496
1484343,39912
1484347,29960
1484352,40000
1484357,40045
1484366,40168
1484369,40216
1484446,40968
1484521,41425
1484530,41624
1484584,42344
1484599,42488
1484611,42587
1484637,43070
1484639,43192
1484659,43805
1484669,44264
1484750,44648
1484836,45630
1484841,45665
1484862,45976
1484863,45992
1485029,46504
1485033,46655
1485034,46664
1485102,47185
1485116,47256
1485136,47720
1485155,48648
1485159,48735
1485162,48744
1485199,49700
1485232,50312
1485233,50328
1485236,50360
1485261,48056
1485274,48115
1485285,48184
1485293,48232
1485457,51880
1485520,52664
1485573,53800
1485585,53892
1485644,54138
1485645,54142
1485677,53528
1485797,54925
1485802,55048
1485816,55375
1485820,55400
1485852,55864
1485906,57352
1485908,57416
1485924,57688
1485924,57688
1485968,59160
1485969,59185
1485977,59330
1485990,59624
1485992,59672
1486006,59832
1486013,59928
1486022,60035
1486039,60280
1486071,60840
1486088,61048
1486121,61288
1486130,61470
1486137,61560
1486139,61720
1486173,61870
1486182,62000
1486188,62088
1486310,63560
1486350,63736
1486371,63832
1486433,64730
1486449,64928
1486491,65510
1486497,65584
1486508,65680
1486530,66010
1486531,66016
1486638,67600
1486711,68320
1486738,68480
1486758,68576
1486764,68760
1486771,68944
1486811,69424
1486817,69456
1486837,69696
1486894,70025
1486913,70096
1486913,70096
1486931,70240
1487004,71264
1487131,88400
1487145,88448
1487242,72522
1487251,72592
1487279,72800
1487349,73202
1487376,73312
1487415,73850
1487475,74864
1487517,75024
1487591,75632
1487603,75680
1487649,75968
1487663,76000
1487666,76232
1487667,76236
1487691,76448
1487726,76560
1487744,76985
1487766,77408
1487778,77600
1487886,78400
1487916,78720
1487929,78800
1487930,78864
1488126,80928
1488221,83785
1488223,83945
1488403,86384
1488428,87008
1488433,87168
1488446,87184
1488469,87280
1488574,22016
1488712,06344
1488870,05208
1488882,59528
1488909,04872
1488936,51885
1488970,99165
1491081,00292
1491082,11912
1491083,14440
1492075,39720
1492239,99111
1492359,99147
1492442,99037
1492445,00132
1492446,00212
1492448,00340
1492449,00532
1492450,00605
1492451,00650
1492452,00655
1492453,00692
1492454,00756
1492455,00765
1492456,01000
1492457,01030
1492458,01064
1492459,01128
1492460,01208
1492461,01215
1492463,01368
1492464,01432
1492465,01448
1492466,01464
1492467,01560
1492468,01752
1492470,01800
1492471,01852
1492472,01858
1492473,01896
1492474,01912
1492475,01928
1492476,01960
1492477,02020
1492479,02200
1492480,02232
1492481,02248
1492482,02350
1492483,03032
1492484,03064
1492485,03090
1492486,03128
1492487,03155
1492488,03160
1492489,03200
1492491,03235
1492492,03368
1492493,03375
1492494,03592
1492495,03608
1492496,03640
1492500,04065
1492501,04088
1492506,04175
1492507,04216
1492508,04280
1492509,04320
1492511,04392
1492512,04424
1492513,04440
1492514,04456
1492515,43352
1492516,04520
1492517,04530
1492518,04808
1492519,04856
1492520,04904
1492521,04936
1492522,04943
1492523,04984
1492524,05128
1492525,05155
1492526,05160
1492527,05176
1492528,05192
1492529,05200
1492530,05240
1492531,05352
1492532,05368
1492534,05416
1492536,05448
1492537,05496
1492538,05576
1492540,05656
1492541,05704
1492542,05768
1492543,05816
1492544,05928
1492545,06024
1492546,06184
1492547,06216
1492548,06232
1492549,06296
1492550,06488
1492551,06456
1492552,06600
1492553,06664
1492556,06792
1492558,06808
1492559,06824
1492561,06952
1492562,07085
1492562,07085
1492563,07090
1492564,07135
1492568,07208
1492569,07224
1492570,07240
1492571,07295
1492572,07400
1492575,07420
1492576,07496
1492577,07592
1492578,07715
1492587,07864
1492588,07928
1492589,07944
1492590,08040
1492591,08072
1492592,08104
1492593,08120
1492594,08236
1492596,08184
1492597,08187
1492602,08328
1492603,08376
1492604,08392
1492605,08472
1492606,08456
1492607,08488
1492608,08552
1492609,08584
1492610,08616
1492611,08670
1492612,08765
1492614,08840
1492615,08984
1492616,09032
1492617,09150
1492618,09080
1492619,09112
1492621,09352
1492625,09448
1492626,09464
1492627,09592
1492628,09656
1492630,09704
1492631,09720
1492632,09752
1492633,09816
1492634,09905
1492635,09944
1492636,10040
1492637,10056
1492638,10205
1492639,10232
1492640,10332
1492643,10392
1492644,10460
1492645,10488
1492646,10504
1492647,10536
1492648,10552
1492650,10648
1492652,10744
1492654,10755
1492659,10824
1492660,10845
1492661,10904
1492662,10920
1492663,10936
1492665,10984
1492666,11032
1492667,11064
1492668,11080
1492669,11096
1492670,11160
1492674,11384
1492675,11448
1492677,11608
1492679,11656
1492682,11825
1492683,11848
1492684,11855
1492686,11880
1492688,11976
1492691,12072
1492692,12136
1492693,12200
1492694,12264
1492695,12312
1492696,06152
1492697,12376
1492698,12380
1492699,12408
1492700,12415
1492702,12600
1492703,12675
1492704,12712
1492705,12728
1492706,12744
1492707,12808
1492708,12860
1492709,12865
1492710,12904
1492711,12920
1492712,12952
1492713,12960
1492714,13016
1492716,13085
1492717,13144
1492718,13160
1492719,13176
1492721,13304
1492722,13325
1492723,13368
1492724,13384
1492725,13496
1492726,13528
1492727,13560
1492729,13624
1492730,13736
1492731,13800
1492732,13816
1492733,13855
1492734,13900
1492735,13938
1492736,14008
1492736,14008
1492738,14175
1492739,14360
1492740,14488
1492742,14632
1492743,14696
1492744,14808
1492746,14872
1492747,15112
1492748,15165
1492749,15192
1492752,16016
1492753,16064
1492754,16096
1492755,16240
1492756,16304
1492757,16288
1492759,16416
1492760,16505
1492764,16512
1492765,16528
1492766,16640
1492767,16656
1492768,16688
1492768,16688
1492769,16736
1492770,16790
1492771,16864
1492772,16885
1492773,16992
1492773,16992
1492774,17104
1492775,17145
1492776,17216
1492777,17248
1492778,17280
1492780,17440
1492781,17424
1492782,17470
1492783,17520
1492784,17572
1492785,17648
1492786,17712
1492787,17696
1492788,17776
1492790,18080
1492792,18208
1492793,18282
1492794,18288
1492795,18592
1492796,18624
1492797,18640
1492798,18672
1492799,18704
1492800,18832
1492801,18944
1492802,18950
1492804,19020
1492805,19072
1492807,19145
1492808,19296
1492809,19424
1492810,19632
1492811,19680
1492812,19685
1492813,19696
1492814,19792
1492815,19835
1492816,19860
1492817,19864
1492818,19888
1492819,19904
1492820,19984
1492822,20064
1492823,20144
1492824,20160
1492825,20240
1492826,20256
1492827,20437
1492828,20560
1492829,20720
1492830,20736
1492831,20976
1492833,21120
1492834,21104
1492835,21152
1492836,21280
1492837,21344
1492838,21360
1492839,21488
1492840,21520
1492844,21648
1492845,21712
1492846,21664
1492847,21720
1492850,21765
1492851,21792
1492852,21776
1492853,21824
1492854,21845
1492855,21872
1492856,21888
1492857,22032
1492858,22000
1492859,22025
1492860,22048
1492861,22064
1492862,22160
1492863,22176
1492864,22224
1492866,22320
1492867,22544
1492868,22560
1492869,22640
1492870,22704
1492871,22800
1492873,22928
1492874,23088
1492875,23095
1492876,23120
1492877,23184
1492878,23248
1492878,23248
1492880,23445
1492881,23456
1492882,23488
1492883,23524
1492884,23528
1492885,23616
1492886,23648
1492887,23696
1492888,23712
1492889,23770
1492890,23968
1492891,24016
1492892,24070
1492893,24112
1492894,24200
1492895,24464
1492896,24635
1492897,24768
1492898,24912
1492899,25030
1492900,25040
1492901,25072
1492903,25110
1492904,25120
1492905,25152
1492906,25180
1492907,25190
1492908,25225
1492909,25232
1492910,25344
1492912,25430
1492914,25880
1492915,26040
1492916,26048
1492917,26400
1492918,26672
1492919,26695
1492920,26918
1492921,26570
1492922,26580
1492923,26656
1492924,26704
1492925,26752
1492926,27015
1492927,27065
1492928,27175
1492930,27232
1492932,27408
1492933,27470
1492935,27632
1492936,27640
1492937,27695
1492938,27760
1492939,27840
1492941,28215
1492942,28280
1492943,28310
1492944,28358
1492946,28432
1492949,28520
1492950,28560
1492952,28576
1492953,28665
1492955,28736
1492958,28995
1492959,29030
1492961,29060
1492962,29090
1492964,29097
1492965,29100
1492967,29148
1492968,29175
1492969,29260
1492970,29270
1492971,29273
1492972,29275
1492974,29520
1492975,29552
1492976,29760
1492977,29872
1492978,29936
1492979,29956
1492979,29956
1492980,29964
1492984,30096
1492985,30352
1492986,30425
1492990,30535
1492991,30550
1492993,30624
1492994,30656
1492996,30912
1492998,30992
1493001,31172
1493002,31285
1493003,31312
1493004,31504
1493005,31225
1493006,31232
1493007,31575
1493008,31616
1493011,31792
1493013,32192
1493014,32256
1493015,32272
1493018,32330
1493019,32336
1493021,32345
1493023,32440
1493024,32455
1493025,32505
1493026,32512
1493027,32530
1493028,32570
1493029,32800
1493030,32912
1493033,32730
1493034,32736
1493036,32960
1493037,32975
1493038,33015
1493039,33072
1493040,33240
1493041,33280
1493042,33360
1493043,33584
1493044,33616
1493045,33625
1493047,33680
1493048,33760
1493051,34032
1493052,34224
1493055,35496
1493056,35544
1493057,35592
1493059,35752
1493061,35816
1493062,35855
1493063,35896
1493064,35912
1493065,35960
1493066,36024
1493067,36080
1493069,36232
1493070,36290
1493070,36290
1493071,36368
1493072,36408
1493073,36488
1493075,36510
1493076,36688
1493077,36720
1493079,36820
1493080,36824
1493082,36884
1493086,37100
1493087,37280
1493088,37192
1493089,37496
1493090,37656
1493091,37672
1493092,37745
1493093,37760
1493094,37864
1493095,37832
1493096,38050
1493097,38032
1493098,38060
1493099,38104
1493100,38120
1493101,38136
1493102,38145
1493103,38200
1493104,38238
1493105,38264
1493106,38370
1493108,38472
1493113,38744
1493114,38785
1493115,38920
1493117,39016
1493118,39064
1493120,39360
1493121,39375
1493122,39416
1493123,39432
1493124,39704
1493125,39960
1493126,39985
1493127,40024
1493128,40008
1493130,40248
1493132,40290
1493133,40385
1493134,40400
1493135,40552
1493137,40632
1493138,40670
1493139,40696
1493143,40904
1493144,40930
1493145,40935
1493146,40945
1493151,41250
1493152,41265
1493153,41432
1493155,41448
1493156,41512
1493157,41576
1493158,41635
1493160,41848
1493161,42040
1493162,42050
1493163,42136
1493164,42280
1493165,42376
1493166,42498
1493167,42664
1493168,42728
1493169,42776
1493172,43144
1493173,43365
1493174,43578
1493175,43608
1493176,43645
1493177,43768
1493179,44300
1493180,44305
1493182,44552
1493183,44600
1493184,44625
1493185,45325
1493186,44680
1493187,44744
1493188,44792
1493189,44808
1493190,45064
1493191,45160
1493192,45224
1493195,45495
1493196,45695
1493197,45736
1493198,45784
1493199,45800
1493200,45816
1493201,45885
1493202,45928
1493203,45950
1493204,45960
1493205,46015
1493217,46344
1493218,46360
1493220,46595
1493221,46708
1493225,46776
1493226,46945
1493227,47096
1493229,47160
1493230,47310
1493231,47272
1493232,47352
1493235,47512
1493237,47736
1493238,47848
1493239,47880
1493240,47648
1493241,47965
1493242,48195
1493243,48808
1493244,48856
1493245,49215
1493246,49224
1493247,49235
1493248,49336
1493249,49345
1493250,49544
1493251,49608
1493252,49611
1493253,49615
1493254,49692
1493258,50008
1493259,50170
1493260,50456
1493261,50472
1493263,50504
1493264,48008
1493265,48047
1493266,48065
1493267,48072
1493269,48136
1493270,48248
1493271,48360
1493272,48365
1493274,50668
1493275,50815
1493276,50984
1493277,51048
1493278,51064
1493279,51208
1493280,51192
1493281,51204
1493282,51362
1493285,51592
1493286,51624
1493287,51832
1493288,51896
1493291,51912
1493294,52030
1493295,52080
1493296,52088
1493297,52112
1493299,52312
1493300,52385
1493301,52572
1493302,52632
1493303,52728
1493304,52800
1493305,52808
1493306,52840
1493307,52980
1493308,52990
1493309,53040
1493310,53042
1493311,53176
1493313,53448
1493314,53480
1493315,53700
1493316,53832
1493317,53848
1493318,53930
1493319,53985
1493320,54024
1493321,54092
1493322,54328
1493324,53656
1493325,53896
1493326,54412
1493329,54504
1493331,54575
1493332,54664
1493333,54670
1493335,54856
1493336,54872
1493338,55080
1493340,55512
1493341,55576
1493342,55736
1493343,55745
1493344,55544
1493347,56140
1493348,56304
1493349,56400
1493350,56425
1493351,57192
1493352,57265
1493353,57320
1493354,57368
1493355,57395
1493356,57448
1493357,57560
1493358,57624
1493359,57325
1493360,57832
1493361,57896
1493362,58088
1493363,58188
1493364,58355
1493365,58445
1493366,58040
1493367,58238
1493368,58648
1493369,58670
1493370,58776
1493371,59085
1493373,59192
1493375,59288
1493376,59336
1493377,59384
1493378,59464
1493379,59576
1493380,59736
1493381,59752
1493382,59944
1493383,59992
1493385,60088
1493387,60152
1493388,60248
1493389,60344
1493390,60408
1493393,60536
1493394,60648
1493395,60696
1493396,60584
1493397,60600
1493398,60616
1493399,60685
1493400,60824
1493401,60920
1493402,61060
1493404,61100
1493405,61104
1493406,61176
1493406,61176
1493407,61192
1493409,61310
1493410,61320
1493411,61496
1493413,61475
1493414,61485
1493415,61520
1493416,61730
1493417,61768
1493419,61816
1493421,61846
1493422,62040
1493423,62130
1493424,62392
1493427,62520
1493428,62568
1493429,62328
1493431,62720
1493434,63040
1493435,63055
1493436,63096
1493437,63160
1493438,63192
1493439,63272
1493440,63288
1493441,63470
1493446,63640
1493451,64128
1493452,64160
1493454,64508
1493456,64512
1493459,64864
1493461,65000
1493463,65096
1493467,65545
1493468,65595
1493470,65776
1493471,65808
1493472,65840
1493473,65930
1493474,65968
1493474,65968
1493475,66000
1493476,66235
1493477,66592
1493478,66752
1493479,66820
1493482,66912
1493484,67032
1493485,67120
1493486,67160
1493487,67280
1493488,67330
1493489,67596
1493490,67454
1493491,67496
1493493,67608
1493494,67612
1493495,67704
1493496,67736
1493497,67768
1493498,68155
1493499,68325
1493500,68512
1493501,68528
1493502,68592
1493503,68928
1493504,68992
1493505,69050
1493506,69072
1493507,69080
1493512,69328
1493513,69360
1493514,69376
1493515,69478
1493516,69484
1493517,69664
1493518,69728
1493519,69808
1493520,69872
1493521,69984
1493523,70135
1493524,70155
1493526,70272
1493527,70368
1493528,70410
1493529,70672
1493530,70720
1493533,70784
1493534,71072
1493537,71216
1493539,71456
1493542,71560
1493543,71590
1493544,10328
1493547,13720
1493548,17536
1493549,18400
1493550,28675
1493551,31960
1493562,87895
1493563,87920
1493564,88064
1493565,88118
1493566,88122
1493567,88345
1493568,88384
1493569,88405
1493570,88440
1493572,71648
1493575,71680
1493576,71696
1493577,71744
1493578,71945
1493579,71960
1493580,71995
1493581,72055
1493582,72060
1493583,72052
1493584,72064
1493585,72128
1493586,72176
1493588,72240
1493591,72336
1493592,72405
1493595,72560
1493596,72565
1493598,72608
1493599,72640
1493600,72752
1493601,72768
1493602,72775
1493603,72860
1493604,72880
1493605,72928
1493606,73000
1493607,73035
1493609,73136
1493610,73088
1493611,73104
1493612,73168
1493613,73187
1493617,73254
1493620,73290
1493623,73400
1493624,73408
1493625,73430
1493627,73555
1493628,73632
1493629,73728
1493630,73808
1493632,73952
1493635,74416
1493636,74496
1493637,74502
1493638,74508
1493639,74528
1493640,74704
1493641,74832
1493642,74592
1493643,74640
1493644,74656
1493647,74880
1493648,74928
1493649,74976
1493651,75312
1493652,75408
1493654,75424
1493655,75465
1493658,75616
1493659,75690
1493661,76070
1493662,76144
1493663,76165
1493664,76228
1493665,76224
1493666,76288
1493667,76356
1493668,76455
1493671,76496
1493672,76528
1493673,76640
1493674,76695
1493674,76695
1493675,76672
1493676,76768
1493677,76816
1493678,77095
1493679,77088
1493680,77104
1493681,77216
1493682,77234
1493683,77504
1493685,77515
1493687,77552
1493690,77648
1493691,77705
1493692,77760
1493693,77776
1493694,77960
1493695,77975
1493696,77984
1493697,78032
1493705,78512
1493707,78535
1493708,78560
1493709,78576
1493711,78832
1493712,78912
1493714,79040
1493716,79200
1493717,79264
1493718,79400
1493719,79404
1493720,79472
1493721,79560
1493722,79600
1493724,79708
1493727,79785
1493728,79856
1493729,80005
1493731,80288
1493732,80384
1493733,80425
1493734,80480
1493735,80670
1493736,80730
1493737,80736
1493738,80970
1493739,80992
1493740,81000
1493741,81200
1493742,82208
1493743,82105
1493744,82080
1493745,82112
1493746,82128
1493747,82224
1493748,82330
1493749,82375
1493750,82425
1493751,82416
1493752,82464
1493753,82564
1493755,82832
1493756,82840
1493757,83040
1493758,83232
1493759,83290
1493760,83488
1493761,83552
1493762,83568
1493763,83584
1493764,83648
1493765,83670
1493766,83755
1493767,83780
1493768,83792
1493769,83840
1493771,84048
1493772,84160
1493773,84680
1493775,84976
1493776,85024
1493777,84180
1493778,84208
1493779,84496
1493780,84512
1493781,84535
1493783,84672
1493784,84736
1493785,84885
1493786,84920
1493787,85056
1493788,85145
1493789,85168
1493794,85504
1493795,85552
1493796,85560
1493799,85680
1493800,85780
1493801,85920
1493802,85952
1493803,86000
1493804,86032
1493807,86112
1493808,86295
1493809,86320
1493810,86424
1493811,86428
1493812,86480
1493813,86400
1493814,86408
1493815,86630
1493819,86672
1493820,86816
1493822,86950
1493823,86976
1493824,86992
1493825,87080
1493826,87328
1493827,87420
1493828,87530
1493829,87552
1493830,87560
1493831,87600
1493833,87815
1493842,09832
1493843,10600
1493853,65824
1493857,80660
1493858,81312
1493861,64152
1493928,99135
1493961,99025
1493970,18864
1493983,32160
1494061,99065
1494109,99049
1494174,00452
1494175,03010
1494176,03752
1494179,05880
1494180,07000
1494181,07030
1494182,07736
1494183,08056
1494184,08065
1494185,08197
1494186,08365
1494187,08675
1494188,08792
1494189,08925
1494190,09400
1494191,10465
1494192,11464
1494194,11928
1494195,12248
1494196,13752
1494197,14860
1494200,18025
1494201,18760
1494202,19280
1494203,19552
1494204,19750
1494205,19824
1494207,22736
1494209,23840
1494210,24025
1494211,24096
1494212,24208
1494213,24272
1494214,24720
1494215,25008
1494216,25136
1494217,25408
1494218,25488
1494219,25968
1494222,28320
1494225,30080
1494225,30080
1494226,31275
1494228,33152
1494230,33872
1494231,35512
1494232,35832
1494233,35864
1494234,38450
1494237,39855
1494238,40350
1494239,41160
1494241,42210
1494242,42584
1494243,43224
1494245,48145
1494247,53020
1494249,53576
1494250,54808
1494251,56192
1494252,57452
1494253,58255
1494255,61645
1494260,65984
1494262,67604
1494263,68832
1494269,71776
1494274,73445
1494276,75056
1494282,78502
1494283,78768
1494284,79556
1494286,80784
1494287,82304
1494288,82490
1494290,83120
1494291,83558
1494294,86336
1494295,86420
1494354,99063
1494364,36344
1494434,99067
1494551,99071
1494590,99113
1494613,99021
1494707,99109
1494761,99137
1494807,00196
1494809,01176
1494810,01235
1494811,01880
1494812,01976
1494813,02280
1494814,02296
1494815,02312
1494817,04120
1494822,04664
1494823,04680
1494825,05144
1494826,05215
1494830,05428
1494831,05712
1494832,06072
1494833,06120
1494834,06205
1494836,06760
1494838,06975
1494842,07816
1494845,08548
1494846,09176
1494847,09185
1494849,09640
1494850,10152
1494857,11038
1494859,11048
1494861,12035
1494862,12040
1494863,13032
1494864,13135
1494865,13464
1494867,13592
1494869,13985
1494870,14472
1494871,14792
1494872,15016
1494877,17008
1494878,17184
1494879,17275
1494881,17360
1494882,17488
1494884,17856
1494886,18016
1494887,18890
1494888,18935
1494889,19335
1494890,19504
1494891,19770
1494893,20048
1494896,20935
1494897,21024
1494898,21210
1494899,22352
1494900,22672
1494901,23216
1494903,23920
1494904,23945
1494905,24875
1494907,26440
1494908,26896
1494909,26464
1494910,26512
1494911,26535
1494912,26544
1494913,26592
1494914,26624
1494915,26784
1494916,27024
1494917,27136
1494919,27264
1494920,27312
1494921,27460
1494922,27552
1494923,27600
1494924,27728
1494925,28045
1494926,28208
1494927,28240
1494928,28448
1494928,28448
1494930,28496
1494932,28688
1494935,28912
1494936,29024
1494937,29056
1494938,29200
1494938,29200
1494939,29312
1494940,29365
1494941,29376
1494942,29488
1494943,29600
1494944,29616
1494945,29712
1494946,29738
1494947,29744
1494948,29840
1494949,29984
1494950,30048
1494951,30176
1494952,30288
1494953,30608
1494954,31024
1494955,31088
1494956,31136
1494957,31184
1494958,31200
1494959,31488
1494960,31840
1494961,31968
1494962,32080
1494963,32420
1494964,32428
1494965,32464
1494966,32544
1494967,32640
1494969,32560
1494971,33008
1494972,33040
1494974,33595
1494976,33776
1494977,33784
1494978,34016
1494980,34128
1494981,35096
1494982,35224
1494983,35256
1494984,35320
1494986,35755
1494987,36095
1494988,36347
1494989,36445
1494990,36744
1494991,36920
1494993,37380
1494994,38016
1494995,38040
1494996,38045
1494997,38445
1494998,38968
1494999,38952
1495000,39128
1495001,39160
1495003,40115
1495004,40575
1495006,40888
1495006,40888
1495007,41112
1495008,41336
1495011,41464
1495011,41464
1495013,41704
1495013,41704
1495014,42152
1495015,42296
1495016,42360
1495017,42492
1495019,42968
1495021,43285
1495022,44015
1495023,44424
1495024,44776
1495025,44824
1495026,44936
1495027,44872
1495028,44888
1495030,44988
1495031,45096
1495032,45300
1495033,45585
1495034,45672
1495035,45832
1495036,46045
1495039,46120
1495040,46140
1495041,46160
1495042,46216
1495044,46856
1495045,46995
1495046,47064
1495047,47368
1495048,48264
1495049,49144
1495050,49176
1495051,49245
1495052,49352
1495053,49885
1495055,50400
1495056,48040
1495058,48043
1495060,50865
1495061,51890
1495064,52305
1495066,52760
1495068,53352
1495068,53352
1495070,54110
1495071,54114
1495073,55720
1495074,55752
1495075,57704
1495076,57816
1495077,57915
1495078,58168
1495079,58815
1495080,59080
1495082,59128
1495083,59400
1495084,59896
1495086,61384
1495087,61400
1495088,61410
1495091,62104
1495092,62888
1495093,62984
1495094,63448
1495095,63464
1495098,63680
1495099,64504
1495101,65100
1495102,65632
1495104,66144
1495105,66168
1495106,66185
1495107,66276
1495108,67340
1495109,67616
1495110,67695
1495111,67774
1495112,68180
1495115,69568
1495117,70810
1495120,88085
1495121,71610
1495122,71826
1495123,72144
1495124,72192
1495125,72272
1495126,72448
1495127,72544
1495129,73488
1495130,74840
1495131,75120
1495133,75200
1495134,75440
1495139,75708
1495141,76405
1495142,76425
1495143,77296
1495149,78520
1495150,78688
1495152,79240
1495153,79632
1495154,79653
1495155,79872
1495156,80010
1495157,80215
1495158,80470
1495159,80576
1495160,82220
1495161,82470
1495162,82920
1495164,83130
1495165,83152
1495166,84032
1495167,84416
1495168,85488
1495170,86055
1495171,86208
1495172,86544
1495173,86660
1495174,87404
1495175,87690
1495176,87865
1495179,00100
1495180,00125
1495181,00235
1495183,00372
1495184,00404
1495185,00468
1495186,00580
1495187,00772
1495188,01160
1495189,01256
1495190,01384
1495191,01544
1495192,01585
1495193,01600
1495195,02136
1495197,02184
1495199,02264
1495200,03016
1495201,03144
1495202,03176
1495203,03192
1495204,03240
1495205,03432
1495206,03528
1495209,03695
1495210,03704
1495211,03736
1495213,03816
1495214,03848
1495216,03945
1495217,03930
1495218,04008
1495227,04168
1495228,04210
1495229,04248
1495230,04344
1495231,04515
1495233,04616
1495235,04760
1495238,04888
1495239,05230
1495240,05195
1495248,05636
1495250,05720
1495251,05725
1495252,05740
1495253,05832
1495254,05960
1495255,06045
1495256,06195
1495257,06275
1495258,06536
1495259,06685
1495260,06856
1495261,06984
1495262,07096
1495266,07280
1495268,07448
1495269,07464
1495270,07550
1495271,07576
1495272,07610
1495273,07730
1495274,07768
1495275,08024
1495277,08136
1495278,08193
1495279,08232
1495280,08264
1495282,08350
1495283,08360
1495284,08370
1495285,08424
1495286,08664
1495289,08800
1495291,08960
1495292,09160
1495296,09496
1495298,09688
1495299,09745
1495300,09768
1495301,09880
1495303,10312
1495305,10168
1495306,10184
1495309,10480
1495310,10524
1495311,10528
1495312,10532
1495313,10568
1495314,10584
1495315,10616
1495316,10640
1495320,10728
1495325,10776
1495328,10952
1495329,10960
1495330,11245
1495332,11220
1495333,11280
1495334,11288
1495336,11455
1495337,11544
1495338,11710
1495339,11720
1495340,11768
1495341,12125
1495342,12232
1495343,12280
1495344,12328
1495345,12360
1495346,12385
1495347,12488
1495349,12680
1495350,13025
1495351,13096
1495352,13120
1495353,13192
1495355,13336
1495356,13410
1495357,13485
1495360,13840
1495362,13955
1495363,13950
1495366,13976
1495367,13980
1495368,14024
1495369,14200
1495370,14424
1495371,14456
1495372,14520
1495373,14616
1495374,14648
1495375,14744
1495377,15048
1495378,15105
1495379,15144
1495380,16032
1495381,16112
1495382,16135
1495383,16144
1495384,16160
1495385,16276
1495388,16535
1495389,16555
1495391,16672
1495392,16768
1495393,16805
1495395,17040
1495396,17168
1495397,17264
1495398,17335
1495399,17376
1495400,17660
1495401,17735
1495403,17830
1495404,17840
1495406,17904
1495407,17910
1495409,18112
1495410,18118
1495411,18122
1495412,18215
1495413,18304
1495414,18352
1495415,18480
1495416,18560
1495417,18745
1495418,18816
1495419,18848
1495420,19040
1495421,19050
1495424,19184
1495426,19305
1495427,19312
1495429,19488
1495430,19536
1495432,19655
1495433,19755
1495434,19785
1495435,19920
1495437,20000
1495438,20032
1495439,20150
1495440,20175
1495441,20192
1495443,20432
1495444,20440
1495445,20528
1495446,20656
1495447,20680
1495449,20800
1495450,20910
1495453,21212
1495454,21424
1495455,21552
1495456,21560
1495457,21568
1495460,21675
1495462,21808
1495464,22096
1495465,22310
1495466,22396
1495467,22448
1495469,22788
1495472,22912
1495473,22960
1495474,23100
1495477,23200
1495479,23675
1495482,23808
1495483,23856
1495484,23984
1495485,24000
1495486,24055
1495487,24144
1495490,24448
1495491,24480
1495493,24544
1495494,24592
1495495,24608
1495497,24624
1495498,24775
1495499,24800
1495500,24880
1495501,24905
1495502,24985
1495503,25648
1495504,25280
1495505,25392
1495506,25535
1495507,25568
1495508,25632
1495509,25696
1495510,25776
1495511,25920
1495512,25995
1495513,26016
1495514,26032
1495515,26165
1495516,26224
1495518,26310
1495519,26336
1495520,26816
1495521,26768
1495522,26992
1495523,27040
1495524,27056
1495525,27095
1495526,27200
1495527,27216
1495531,27296
1495532,27360
1495533,27456
1495535,27616
1495536,27744
1495539,27975
1495540,28096
1495541,28144
1495542,28224
1495543,28256
1495544,28355
1495545,28476
1495546,28478
1495548,28528
1495551,28592
1495552,28640
1495553,28704
1495554,28864
1495556,29040
1495557,29120
1495560,29305
1495562,29328
1495564,29430
1495565,29440
1495566,29632
1495567,29680
1495569,29904
1495572,30040
1495575,30224
1495579,30256
1495580,30320
1495581,30336
1495582,30512
1495583,30640
1495584,30720
1495585,30790
1495587,30870
1495589,30905
1495590,30970
1495591,31178
1495592,31456
1495593,31240
1495594,31305
1495595,31355
1495596,31435
1495598,31680
1495599,31712
1495600,31872
1495601,31920
1495602,31995
1495603,32096
1495604,32144
1495605,32165
1495606,32315
1495607,32310
1495609,32375
1495610,32384
1495611,32576
1495612,32752
1495613,32924
1495614,32720
1495615,32725
1495616,32944
1495617,33024
1495618,33088
1495619,33125
1495620,33168
1495621,33216
1495622,33225
1495625,33296
1495628,33488
1495628,33488
1495629,33504
1495630,33696
1495631,33712
1495632,33716
1495633,33750
1495635,33837
1495637,33968
1495639,34048
1495641,34160
1495642,34192
1495643,34176
1495644,34230
1495648,34304
1495649,34315
1495650,35000
1495651,35208
1495655,35464
1495656,35480
1495658,35585
1495659,35688
1495664,35848
1495665,35853
1495666,35857
1495667,35860
1495669,35928
1495671,36152
1495672,36200
1495673,36264
1495674,36450
1495675,36648
1495676,36664
1495679,36776
1495680,36785
1495682,36798
1495684,36872
1495688,37105
1495689,36880
1495690,36968
1495691,37096
1495692,37112
1495693,37160
1495694,37224
1495695,37256
1495696,37384
1495696,37384
1495696,37384
1495697,37544
1495699,37598
1495701,37770
1495702,37784
1495703,37800
1495704,37944
1495705,38024
1495706,37950
1495707,38064
1495708,38080
1495709,38216
1495710,38242
1495711,38248
1495713,38418
1495714,38424
1495716,38536
1495717,38552
1495718,38576
1495718,38576
1495719,38580
1495720,38632
1495721,38616
1495722,38640
1495724,38648
1495728,38845
1495729,38850
1495732,39096
1495733,39192
1495736,39288
1495737,39304
1495738,39448
1495739,39544
1495740,39585
1495741,39672
1495742,39736
1495743,39848
1495744,39980
1495746,40184
1495747,40232
1495748,40285
1495749,40305
1495751,43400
1495752,40392
1495753,40440
1495754,40536
1495754,40536
1495755,40568
1495756,40664
1495758,40952
1495760,41016
1495761,41032
1495765,41105
1495766,41240
1495767,41200
1495768,41276
1495769,41280
1495770,41288
1495771,41480
1495773,41592
1495775,41688
1495776,41720
1495777,41768
1495778,41784
1495779,41800
1495780,41816
1495781,41832
1495783,41960
1495784,42072
1495785,42104
1495786,42216
1495787,42232
1495788,42248
1495789,42312
1495790,42424
1495790,42424
1495791,42465
1495795,42764
1495796,42840
1495797,42888
1495798,42975
1495799,42984
1495800,43000
1495800,43000
1495801,43036
1495802,43176
1495803,43080
1495804,43128
1495805,43320
1495806,43448
1495807,43544
1495808,43576
1495809,43410
1495810,43528
1495811,43585
1495812,43588
1495813,43592
1495814,43672
1495815,43832
1495816,43896
1495817,43928
1495818,43992
1495819,44000
1495820,44024
1495821,44088
1495822,44168
1495823,44175
1495824,44184
1495825,44296
1495826,44456
1495828,44312
1495829,44568
1495830,44595
1495831,44728
1495833,45000
1495834,45384
1495835,45416
1495836,45464
1495837,45432
1495838,45550
1495839,45745
1495841,45752
1495842,45848
1495843,45864
1495844,45880
1495844,45880
1495846,46042
1495847,46053
1495853,46232
1495854,46255
1495855,46355
1495856,46376
1495857,46385
1495858,46440
1495861,46480
1495862,46488
1495865,46575
1495866,46735
1495868,46840
1495869,46728
1495870,46808
1495871,46940
1495872,46955
1495873,47000
1495874,47032
1495877,47128
1495878,47176
1495879,47208
1495880,47320
1495883,47896
1495884,47912
1495886,48520
1495887,48536
1495888,48552
1495889,48632
1495891,48890
1495892,48904
1495893,48920
1495894,48968
1495895,49048
1495896,49125
1495897,49135
1495898,49230
1495900,49512
1495901,49592
1495902,49656
1495904,49864
1495905,49880
1495906,49912
1495907,49955
1495908,50020
1495909,50040
1495911,50088
1495912,50296
1495913,50335
1495914,48088
1495915,48095
1495916,48152
1495918,48344
1495919,48376
1495920,48408
1495921,48424
1495922,48445
1495923,50558
1495924,50670
1495925,50600
1495926,50666
1495927,50780
1495928,50840
1495929,51000
1495930,51005
1495931,51096
1495933,51256
1495934,51315
1495935,51384
1495939,51485
1495940,51512
1495941,51544
1495942,51560
1495943,51602
1495944,51660
1495945,51730
1495948,51848
1495952,52152
1495954,52120
1495956,52216
1495958,52435
1495959,52616
1495960,52696
1495961,52856
1495962,52968
1495963,53055
1495964,53070
1495965,53096
1495969,53304
1495970,53864
1495972,54008
1495973,54098
1495974,54120
1495976,54225
1495977,54296
1495978,54344
1495979,53560
1495980,54312
1495981,54408
1495985,54600
1495989,54785
1495990,54792
1495992,54930
1495993,54936
1495994,54995
1495995,55368
1495996,55480
1495997,55608
1495998,55656
1495999,55665
1496000,55704
1496001,55825
1496002,56016
1496003,55816
1496004,56132
1496005,56176
1496006,56185
1496007,56272
1496009,56325
1496010,56432
1496011,56470
1496012,56475
1496013,57032
1496014,57160
1496015,57240
1496016,57288
1496017,57336
1496018,57458
1496019,57512
1496020,57635
1496021,57656
1496022,57720
1496023,57752
1496025,57960
1496026,58175
1496027,58104
1496028,58216
1496029,58196
1496032,58242
1496033,58280
1496035,58360
1496037,58616
1496038,58712
1496039,58792
1496040,58750
1496041,58808
1496042,58840
1496043,58872
1496044,58962
1496045,59000
1496046,59100
1496047,59144
1496048,59200
1496049,59480
1496051,59704
1496053,59848
1496054,60050
1496055,60100
1496056,60216
1496058,60365
1496060,60568
1496061,60750
1496062,60850
1496064,61080
1496065,61096
1496067,61144
1496068,61170
1496069,61240
1496070,61368
1496071,61576
1496072,61530
1496073,61640
1496074,61740
1496075,61745
1496076,61885
1496077,61944
1496078,61976
1496079,62024
1496080,62056
1496082,62180
1496083,62264
1496084,62312
1496085,62408
1496086,62424
1496087,62440
1496089,62620
1496090,62632
1496091,62736
1496092,62732
1496094,63000
1496095,63080
1496096,63144
1496098,63320
1496099,63400
1496103,63600
1496105,63688
1496106,63704
1496108,63896
1496110,64070
1496111,64144
1496112,64345
1496113,64455
1496114,64464
1496119,64855
1496120,64992
1496122,65210
1496123,65240
1496124,65440
1496126,65552
1496128,65648
1496129,65845
1496130,65872
1496135,66064
1496136,66288
1496137,66316
1496139,66560
1496140,66656
1496141,66725
1496150,67432
1496151,67544
1496152,67560
1496153,67680
1496154,67400
1496156,67480
1496157,67640
1496158,67656
1496159,67780
1496160,68144
1496163,68336
1496165,68768
1496167,68800
1496168,69008
1496169,68976
1496171,69120
1496179,69415
1496180,69712
1496182,69995
1496186,70656
1496187,70710
1496190,70825
1496191,70832
1496192,70848
1496193,71328
1496202,88010
1496206,88192
1496207,88208
1496208,88272
1496209,88395
1496210,71625
1496211,71632
1496213,71750
1496215,71810
1496216,71840
1496217,71915
1496218,72000
1496220,72105
1496223,72315
1496224,72320
1496225,72475
1496227,72508
1496229,72624
1496230,72660
1496231,72704
1496233,72935
1496234,72985
1496236,73206
1496239,73328
1496240,73480
1496240,73480
1496242,73824
1496243,74105
1496244,74096
1496245,74520
1496246,74608
1496253,75040
1496254,75240
1496256,75280
1496257,75350
1496260,75610
1496261,75655
1496264,75776
1496267,75856
1496270,75872
1496271,76064
1496272,76096
1496273,76112
1496276,76512
1496277,76520
1496278,76688
1496279,76752
1496280,76922
1496283,76992
1496283,76992
1496284,77200
1496285,77232
1496287,77264
1496288,77424
1496289,77450
1496290,77536
1496291,77545
1496293,77584
1496294,77616
1496295,77680
1496297,77744
1496298,77835
1496299,77856
1496300,77888
1496301,77936
1496303,78055
1496307,78164
1496309,78192
1496310,78288
1496311,78320
1496314,78432
1496315,78480
1496316,78725
1496318,78762
1496319,79056
1496323,79344
1496325,79396
1496327,79616
1496328,79650
1496329,79660
1496330,79702
1496337,79780
1496338,79792
1496339,79840
1496340,79936
1496341,79952
1496342,79968
1496343,79984
1496344,80032
1496345,80176
1496348,80280
1496349,80544
1496350,80592
1496351,80704
1496352,80752
1496354,80860
1496356,81024
1496357,81080
1496358,81120
1496359,81232
1496360,81252
1496361,82048
1496362,82214
1496364,82288
1496365,82384
1496366,82485
1496367,82508
1496368,82540
1496369,82608
1496370,82752
1496371,82850
1496372,82880
1496374,83072
1496375,83296
1496376,83344
1496378,83495
1496378,83495
1496379,83632
1496380,83696
1496381,83728
1496382,83872
1496383,83888
1496384,83968
1496385,84016
1496386,84112
1496387,84265
1496388,84368
1496388,84368
1496389,84432
1496390,84544
1496391,84620
1496392,84665
1496393,84710
1496394,84848
1496395,85136
1496396,85155
1496397,85184
1496398,85248
1496402,85456
1496405,85530
1496408,85568
1496410,85320
1496411,85400
1496412,85430
1496414,85632
1496415,85664
1496421,86185
1496422,86496
1496426,86864
1496427,86905
1496430,87152
1496432,87335
1496433,87365
1496434,87385
1496435,87400
1496436,87396
1496437,87440
1496438,87536
1496439,87685
1496440,87696
1496441,87735
1496443,19360
1496538,99105
1496643,69184
1496656,99195
1496705,99083
1496728,49752
1496729,48328
1496736,53584
1496751,67320
1496775,88288
1496777,00116
1496778,00155
1496779,00265
1496780,00308
1496782,00356
1496783,00500
1496784,00564
1496786,01048
1496787,01480
1496788,02056
1496789,03416
1496790,03688
1496791,04040
1496792,04152
1496793,04296
1496794,04376
1496795,04950
1496796,05204
1496797,05320
1496798,05820
1496799,06504
1496800,06584
1496801,06840
1496802,07112
1496804,07425
1496805,07480
1496806,07912
1496807,08000
1496811,08845
1496812,09192
1496814,09512
1496816,09848
1496817,09976
1496821,11000
1496822,11112
1496823,11144
1496830,12536
1496836,13665
1496838,14184
1496839,14850
1496840,14978
1496841,16000
1496843,16816
1496845,17024
1496847,17456
1496848,17705
1496849,17968
1496850,17984
1496852,18448
1496853,18496
1496854,18784
1496855,18912
1496857,19104
1496860,19856
1496862,19936
1496863,20112
1496864,20688
1496865,20816
1496866,21088
1496867,21248
1496868,21275
1496869,21296
1496870,21375
1496871,21600
1496872,21925
1496873,22144
1496874,22792
1496875,22880
1496876,22970
1496877,23040
1496878,23072
1496879,23168
1496881,23776
1496882,24118
1496884,24832
1496885,24960
1496886,25024
1496887,26080
1496888,26128
1496889,26864
1496890,27325
1496893,27536
1496894,27670
1496896,28245
1496897,28304
1496899,28848
1496900,28944
1496901,29052
1496902,29065
1496903,29093
1496904,29144
1496905,29252
1496906,29267
1496907,29269
1496908,29271
1496909,29272
1496910,29274
1496914,30112
1496916,30230
1496917,30458
1496918,30576
1496919,30672
1496920,30848
1496921,30976
1496922,31264
1496923,31552
1496925,31660
1496926,31978
1496928,32768
1496930,32600
1496931,33184
1496932,33450
1496933,33552
1496934,33664
1496936,34000
1496937,35416
1496938,35560
1496940,36295
1496942,36895
1496944,37448
1496945,37528
1496946,37576
1496947,38440
1496949,38656
1496950,38808
1496952,38904
1496953,39000
1496954,39090
1496955,39992
1496957,41304
1496960,41725
1496961,41900
1496962,41976
1496963,42335
1496965,42472
1496967,42575
1496968,42593
1496969,42952
1496970,43230
1496971,43272
1496972,43624
1496973,43635
1496974,43656
1496975,43680
1496976,44065
1496977,44104
1496978,44385
1496979,44664
1496980,44952
1496981,45176
1496982,45192
1496983,45544
1496984,45656
1496986,46050
1496995,46280
1496997,47016
1496998,47304
1496998,47304
1496999,47375
1497000,47384
1497001,47544
1497002,47784
1497003,48024
1497004,49016
1497005,49496
1497006,49800
1497007,49816
1497008,49832
1497009,50130
1497010,50136
1497011,50440
1497012,50584
1497013,50945
1497014,51198
1497015,51224
1497016,51520
1497017,52008
1497018,52168
1497019,52360
1497020,52430
1497021,52488
1497022,52824
1497024,53138
1497025,53224
1497026,53725
1497027,54072
1497028,54136
1497030,53608
1497031,54560
1497032,54655
1497033,54648
1497034,54904
1497035,55000
1497036,55288
1497037,55304
1497038,55320
1497039,55416
1497040,55848
1497042,55960
1497043,56000
1497044,56200
1497045,56280
1497047,56464
1497048,56496
1497049,56512
1497050,56520
1497051,57000
1497052,57144
1497054,57235
1497055,57535
1497056,58015
1497057,58050
1497058,58056
1497059,58696
1497060,58904
1497061,59104
1497062,59108
1497063,59320
1497064,59470
1497065,59600
1497066,59656
1497068,60415
1497069,60440
1497070,60488
1497070,60488
1497071,60664
1497072,60680
1497073,60744
1497074,60808
1497075,60888
1497076,60984
1497077,61000
1497078,61108
1497078,61108
1497080,61165
1497081,61336
1497083,61464
1497084,61592
1497085,61656
1497086,61688
1497087,61832
1497088,61992
1497089,62008
1497092,62488
1497093,62744
1497094,62920
1497095,62945
1497096,63032
1497097,63256
1497098,63304
1497099,63336
1497100,63880
1497101,63864
1497102,64000
1497103,64016
1497104,64440
1497105,64544
1497106,64704
1497107,64795
1497108,64912
1497109,64960
1497110,65248
1497112,65472
1497113,66208
1497114,66308
1497115,66775
1497117,67304
1497118,67576
1497120,67710
1497122,68280
1497123,68624
1497124,68736
1497126,69180
1497128,69792
1497129,70208
1497131,70896
1497132,71008
1497133,71488
1497138,66896
1497139,67620
1497141,87984
1497142,88032
1497144,71620
1497145,71664
1497146,72040
1497148,72220
1497150,72384
1497151,72400
1497152,72432
1497153,72480
1497154,73024
1497156,73260
1497157,73936
1497159,74752
1497161,74624
1497162,74896
1497165,75664
1497168,76368
1497169,76440
1497172,76918
1497173,76976
1497177,77360
1497178,77440
1497179,77728
1497180,78224
1497181,78425
1497183,79168
1497184,79722
1497186,79776
1497187,80528
1497189,80852
1497190,81065
1497191,82064
1497192,82150
1497193,82496
1497194,82502
1497195,82768
1497197,82960
1497198,83210
1497199,83520
1497200,84155
1497201,84395
1497202,84464
1497204,84816
1497205,84832
1497206,84592
1497207,84598
1497208,84875
1497210,85612
1497211,85608
1497212,86144
1497213,86192
1497214,86272
1497215,86352
1497216,86368
1497217,86960
1497220,87248
1497221,87200
1497222,87312
1497238,99011
1497321,44476
1497326,49640
1497349,71600
1497354,75584
1497376,99051
1497394,46824
1497431,99027
1497458,39976
1497537,38712
1497572,69488
1497573,99167
1497612,11816
1497660,39576
1497699,59816
1497708,64432
1497739,75248
1497748,99185
1497770,99007
1497787,30960
1497831,99047
1497886,58456
1497999,99141
1498086,31344
1498101,40840
1498112,49192
1498113,48104
1498172,99169
1498188,74432
1498194,75808
1498204,80816
1498258,28336
1498278,37048
1498305,48824
1498320,60776
1498359,99191
1498398,00724
1498400,03784
1498404,53992
1498405,07784
1498415,01000
1498416,09816
1498417,11032
1498420,18448
1498421,21344
1498422,25808
1498423,27200
1498424,29600
1498425,29744
1498426,30208
1498428,38424
1498429,47672
1498430,48952
1498431,48968
1498434,57688
1498435,61832
1498436,63768
1498438,65392
1498439,68000
1498440,99780
1498443,83680
1498444,00148
1498445,00180
1498446,01640
1498447,01672
1498448,02072
1498449,03896
1498450,05544
1498451,06936
1498453,06968
1498454,08888
1498456,09016
1498457,10360
1498458,10840
1498459,11212
1498460,11512
1498461,12145
1498462,14952
1498463,14968
1498464,15000
1498465,16192
1498467,16608
1498468,17552
1498469,19600
1498470,19728
1498471,20752
1498472,20768
1498473,22576
1498474,24752
1498475,25808
1498476,26496
1498477,27440
1498477,27440
1498478,27824
1498479,28544
1498480,29968
1498481,30496
1498482,31600
1498483,31808
1498484,32896
1498485,33648
1498486,35128
1498487,35160
1498489,35624
1498490,36216
1498493,37336
1498495,39528
1498497,41272
1498499,42536
1498500,42568
1498501,42792
1498502,43704
1498503,44520
1498504,44696
1498505,44984
1498506,45512
1498507,47144
1498508,47224
1498509,47496
1498510,47528
1498511,48488
1498512,48952
1498513,49464
1498514,49784
1498515,50104
1498517,52680
1498518,52952
1498522,55592
1498523,55800
1498524,58383
1498525,59496
1498526,60392
1498527,61208
1498531,64384
1498533,70000
1498534,70112
1498536,07976
1498537,88000
1498540,74912
1498541,76912
1498542,77568
1498543,77792
1498547,80535
1498551,86160
1498552,86720
1498553,87072
1498554,35000
1498555,56000
1498556,64000
1498557,57000
1498558,16000
1498559,82000
1498560,76432
1498561,14904
1498563,35624
1499037,00110
1499038,00164
1499039,00300
1499041,00335
1499042,00436
1499043,00484
1499044,00516
1499046,00740
1499047,00745
1499048,01192
1499049,01352
1499052,01580
1499053,01695
1499054,01810
1499055,02015
1499056,02104
1499058,02328
1499059,02340
1499060,03096
1499061,03112
1499062,03304
1499063,03320
1499064,03325
1499065,03352
1499067,03496
1499068,03544
1499069,03560
1499070,03565
1499071,03976
1499072,03992
1499073,04035
1499074,04056
1499075,04060
1499086,04184
1499088,04472
1499089,04504
1499090,04510
1499091,04525
1499093,04735
1499094,04786
1499095,04865
1499095,04865
1499096,05000
1499097,05055
1499098,05256
1499099,05325
1499100,05336
1499103,05410
1499105,05600
1499106,05628
1499107,05632
1499108,05640
1499109,05672
1499110,05736
1499111,05745
1499112,05752
1499113,05760
1499116,06088
1499117,06560
1499118,06616
1499119,06696
1499120,06800
1499121,06830
1499122,06835
1499124,07010
1499125,07128
1499128,07172
1499129,07235
1499130,07256
1499131,07320
1499133,07416
1499136,07512
1499140,07710
1499141,07752
1499143,07855
1499144,07885
1499145,07950
1499150,08200
1499152,08542
1499153,08755
1499155,09155
1499156,09224
1499157,09320
1499158,09336
1499159,09368
1499160,10024
1499161,10035
1499163,10095
1499165,10210
1499166,10125
1499167,10338
1499168,10385
1499169,10424
1499170,10445
1499171,10450
1499172,10520
1499176,10765
1499177,10888
1499179,10968
1499180,11016
1499187,11308
1499188,11316
1499190,11336
1499191,11368
1499192,11604
1499193,11640
1499194,11695
1499196,11736
1499197,11752
1499198,11800
1499199,11820
1499200,11875
1499201,11905
1499205,11960
1499207,12080
1499210,12735
1499211,12760
1499213,12936
1499214,12945
1499215,12984
1499216,13075
1499217,13100
1499219,13165
1499221,13352
1499223,13600
1499225,13672
1499227,13904
1499228,13928
1499231,14270
1499232,14216
1499233,14328
1499234,14536
1499235,14552
1499236,14568
1499237,14664
1499241,14910
1499242,15064
1499243,15170
1499244,15176
1499245,15160
1499246,16005
1499247,16085
1499253,16410
1499254,16425
1499256,16496
1499262,16624
1499263,16670
1499264,16752
1499265,16832
1499266,16896
1499270,17328
1499271,17392
1499272,17400
1499274,17548
1499275,17578
1499276,17680
1499277,17728
1499279,17888
1499280,18032
1499281,18040
1499282,18128
1499283,18224
1499284,18278
1499286,18384
1499287,18425
1499288,18440
1499289,18490
1499290,18544
1499291,18565
1499292,18656
1499294,18885
1499295,18960
1499296,19015
1499297,19080
1499300,19780
1499301,19872
1499302,19968
1499303,20304
1499304,20358
1499305,20362
1499306,20378
1499310,20532
1499312,20600
1499313,20672
1499315,20784
1499316,20852
1499319,21040
1499320,21072
1499321,21203
1499322,21206
1499323,21232
1499324,21392
1499327,21584
1499328,21635
1499329,21960
1499331,21670
1499332,21760
1499333,21984
1499334,22112
1499335,22128
1499336,22230
1499338,22288
1499340,22387
1499342,22510
1499343,22720
1499345,22745
1499347,22832
1499348,22848
1499349,22896
1499350,22976
1499351,23008
1499354,23195
1499355,23360
1499358,23532
1499359,23610
1499360,23625
1499361,23744
1499362,23760
1499363,23895
1499364,24122
1499365,24128
1499366,24176
1499368,24240
1499369,24255
1499370,24320
1499371,24496
1499372,24672
1499375,24656
1499376,24845
1499378,24992
1499379,25035
1499382,25445
1499383,25575
1499384,25664
1499385,25675
1499386,25680
1499387,25685
1499389,25904
1499390,26064
1499391,26105
1499393,26135
1499394,26208
1499395,26272
1499396,26315
1499397,26325
1499398,26368
1499399,26425
1499400,26432
1499401,26880
1499403,26736
1499404,26912
1499405,26928
1499406,26922
1499407,27120
1499409,27520
1499410,27545
1499412,27915
1499417,28020
1499418,28135
1499419,28176
1499420,28160
1499425,28400
1499426,28472
1499431,28565
1499432,28725
1499433,28752
1499435,29044
1499436,29164
1499439,29248
1499440,29250
1499441,29254
1499442,29280
1499445,29385
1499446,29392
1499447,29504
1499448,29664
1499449,29696
1499450,29732
1499451,29776
1499452,29808
1499453,29880
1499454,29888
1499456,30000
1499457,30155
1499460,30345
1499461,30368
1499463,30448
1499464,30452
1499465,30525
1499466,30560
1499467,30725
1499469,30875
1499470,30880
1499471,30928
1499473,30944
1499475,31008
1499476,31120
1499477,31465
1499478,31270
1499479,31520
1499480,31536
1499483,31895
1499484,32224
1499485,32245
1499486,32288
1499492,32448
1499493,32816
1499496,32880
1499497,32672
1499498,32656
1499499,32784
1499501,32916
1499502,33120
1499503,33136
1499504,33195
1499505,33328
1499507,33472
1499509,33520
1499512,33768
1499513,33808
1499514,33840
1499515,33936
1499516,34240
1499517,34288
1499519,34325
1499520,35135
1499521,35144
1499523,35164
1499524,35168
1499525,35172
1499526,35240
1499527,35330
1499528,35704
1499529,35608
1499531,35656
1499532,35736
1499533,35760
1499534,35768
1499535,35800
1499537,35870
1499538,35880
1499540,35890
1499541,35976
1499542,36072
1499543,36213
1499544,36280
1499545,36285
1499546,36364
1499547,36424
1499548,36456
1499549,36680
1499549,36680
1499550,36750
1499551,36802
1499552,36814
1499557,36888
1499558,37000
1499559,37032
1499560,37016
1499561,37144
1499562,37240
1499563,37288
1499564,37510
1499566,37602
1499567,37880
1499567,37880
1499569,38008
1499570,38020
1499572,38344
1499573,38350
1499574,38360
1499576,38412
1499577,38488
1499578,38568
1499579,38572
1499582,38660
1499587,38975
1499589,39200
1499590,39208
1499592,39230
1499593,39336
1499594,39760
1499595,39816
1499598,40130
1499599,40152
1499602,40175
1499603,40195
1499604,40415
1499605,40424
1499606,40430
1499610,41144
1499612,41295
1499614,41345
1499615,41440
1499617,41944
1499618,42045
1499620,42056
1499621,42120
1499622,42160
1499623,42168
1499627,42504
1499627,42504
1499629,42610
1499631,42772
1499632,42856
1499634,42915
1499636,43160
1499637,43464
1499638,43520
1499639,43582
1499640,43612
1499641,43665
1499643,43848
1499644,44392
1499645,44450
1499646,44472
1499647,44504
1499648,44536
1499649,44685
1499650,44800
1499651,44840
1499652,44856
1499653,44992
1499654,45120
1499656,45215
1499657,45256
1499659,45448
1499660,45560
1499661,45535
1499662,45565
1499664,45688
1499665,45938
1499666,45944
1499667,45955
1499668,46008
1499672,46056
1499678,46350
1499679,46424
1499681,46456
1499682,46536
1499683,46616
1499684,46632
1499685,46704
1499688,46792
1499689,47416
1499691,47592
1499692,47768
1499693,47890
1499694,47832
1499695,47928
1499696,47960
1499697,47976
1499699,48472
1499701,48660
1499702,48840
1499705,49570
1499707,49848
1499709,49920
1499710,49960
1499711,50056
1499713,50152
1499714,50200
1499715,50230
1499716,50248
1499717,50376
1499718,50408
1499720,48120
1499721,48190
1499723,48440
1499725,50872
1499726,50860
1499727,50856
1499728,50936
1499728,50936
1499729,50952
1499732,51125
1499733,51336
1499734,51345
1499735,51390
1499736,51395
1499740,51528
1499742,51650
1499744,51688
1499747,52000
1499748,52065
1499749,52072
1499751,52200
1499752,52320
1499753,52344
1499754,52456
1499756,52600
1499757,52655
1499760,52920
1499760,52920
1499761,53044
1499762,53048
1499763,53080
1499764,53128
1499764,53128
1499766,53192
1499768,53272
1499769,53440
1499770,53432
1499771,53485
1499773,53960
1499774,54044
1499775,54056
1499776,54060
1499777,54106
1499778,54140
1499779,54392
1499780,54418
1499781,54450
1499783,54580
1499784,54696
1499785,54744
1499786,54776
1499787,54945
1499788,54960
1499789,54968
1499790,55265
1499791,55464
1499792,55528
1499793,55560
1499794,55615
1499795,56048
1499796,55842
1499797,55976
1499798,56136
1499799,56265
1499800,56288
1499801,56320
1499802,56416
1499804,56450
1499806,57576
1499807,57592
1499808,57800
1499809,57976
1499812,58200
1499813,58192
1499815,58520
1499816,58655
1499817,58632
1499818,58728
1499819,58984
1499820,59165
1499821,59170
1499824,59416
1499825,59448
1499826,59520
1499828,59640
1499830,59960
1499832,60200
1499833,60254
1499836,60424
1499837,60500
1499838,60502
1499842,60605
1499843,60755
1499844,60815
1499846,60936
1499847,60968
1499849,61090
1499851,61128
1499852,61135
1499853,61265
1499856,61704
1499857,61775
1499859,61880
1499862,62035
1499864,62125
1499866,62172
1499868,62456
1499873,62595
1499874,62625
1499876,62664
1499878,62740
1499880,62824
1499882,62958
1499883,62962
1499884,63085
1499885,63135
1499886,63176
1499887,63240
1499888,63250
1499889,63496
1499890,63550
1499893,63650
1499896,63772
1499897,63795
1499898,63912
1499899,63928
1499900,63784
1499903,64215
1499904,64225
1499905,64256
1499906,64272
1499907,64288
1499909,64336
1499910,64395
1499911,64400
1499912,64416
1499913,64500
1499914,64550
1499915,64560
1499916,64624
1499919,64688
1499920,64784
1499922,64880
1499924,65092
1499925,65120
1499926,65264
1499927,65280
1499928,65296
1499929,65360
1499930,65456
1499932,65568
1499933,65696
1499934,65728
1499937,65888
1499938,66032
1499939,66048
1499940,66080
1499942,66180
1499943,66192
1499945,66304
1499946,66312
1499947,66480
1499948,66512
1499949,66565
1499950,66570
1499951,66672
1499953,66800
1499954,67058
1499955,67064
1499956,66864
1499957,67000
1499958,67016
1499960,67220
1499961,67240
1499962,67272
1499964,67345
1499965,67352
1499966,67416
1499967,67464
1499968,67675
1499969,67752
1499970,67760
1499971,68000
1499973,68185
1499975,68208
1499976,68265
1499977,68272
1499980,68400
1499981,68345
1499982,68448
1499983,68496
1499984,68630
1499985,68900
1499986,68885
1499988,69040
1499989,69056
1499990,69104
1499991,69152
1499992,69168
1499997,69205
1499998,69232
1499999,69240
1500000,69344
1500001,69365
1500003,69445
1500005,69545
1500006,69536
1500007,69616
1500008,69680
1500011,69880
1500012,69920
1500015,70055
1500020,70192
1500023,70256
1500024,70265
1500025,70288
1500027,70315
1500028,70352
1500030,70480
1500031,70528
1500033,70576
1500034,70592
1500036,70635
1500037,70640
1500039,70704
1500040,70715
1500041,70800
1500042,70816
1500043,70834
1500044,70840
1500046,70885
1500047,70976
1500049,70992
1500050,71040
1500052,71088
1500054,71200
1500055,71248
1500056,71280
1500058,71440
1500059,71424
1500060,85064
1500061,71584
1500063,13784
1500069,48000
1500072,64576
1500073,65392
1500076,87930
1500078,88128
1500079,88145
1500080,88224
1500081,88240
1500083,88352
1500084,88416
1500085,88455
1500086,88464
1500087,71712
1500088,71812
1500090,71875
1500091,71904
1500093,72048
1500094,72057
1500096,72080
1500098,72208
1500104,72504
1500106,72585
1500107,72688
1500110,72736
1500111,72816
1500113,72848
1500114,72854
1500116,72864
1500117,72912
1500118,72944
1500122,73190
1500123,73192
1500124,73204
1500126,73224
1500127,73228
1500128,73296
1500130,73360
1500131,73376
1500133,73440
1500134,73790
1500135,74235
1500136,74272
1500138,74384
1500139,74464
1500140,74480
1500141,74688
1500142,74784
1500143,74540
1500144,74544
1500145,74816
1500146,74848
1500147,74944
1500149,74992
1500150,75002
1500151,75008
1500153,75180
1500154,75216
1500155,75232
1500156,75264
1500158,75328
1500159,75344
1500160,75376
1500161,75392
1500162,75504
1500163,75600
1500165,75712
1500166,75735
1500167,75798
1500168,75802
1500169,75824
1500170,75840
1500171,75865
1500172,75892
1500173,75898
1500174,75952
1500176,75984
1500178,76016
1500179,76055
1500180,76105
1500181,76185
1500182,76256
1500184,76272
1500185,76330
1500186,76352
1500187,76432
1500190,76600
1500191,76608
1500192,76736
1500193,76800
1500194,76832
1500195,76854
1500196,76860
1500197,76880
1500198,76960
1500199,77015
1500199,77015
1500200,77056
1500201,77152
1500202,77205
1500203,77312
1500204,77370
1500205,77400
1500206,77520
1500209,77872
1500210,77925
1500211,77952
1500212,77996
1500213,78000
1500214,78016
1500215,78025
1500219,78368
1500220,78352
1500221,78384
1500222,78395
1500223,78416
1500227,78736
1500229,78780
1500230,78880
1500231,79024
1500232,79184
1500233,79205
1500234,79360
1500235,79392
1500238,79488
1500239,79504
1500240,79520
1500241,79657
1500242,79664
1500245,79712
1500247,80048
1500248,80224
1500249,80272
1500251,80512
1500252,80608
1500253,80688
1500254,80825
1500255,80848
1500256,80864
1500257,81008
1500258,81072
1500259,81216
1500260,81280
1500261,82000
1500262,82016
1500263,82096
1500264,82256
1500265,82320
1500267,82368
1500268,82480
1500271,82624
1500273,82775
1500274,82816
1500275,82864
1500276,82944
1500277,83088
1500278,83136
1500279,83168
1500280,83248
1500281,83504
1500282,83420
1500284,83456
1500286,83600
1500287,83625
1500288,83680
1500290,83824
1500291,83920
1500292,84000
1500293,84144
1500294,84256
1500295,84304
1500296,84950
1500297,84960
1500298,84970
1500298,84970
1500302,84864
1500303,84928
1500304,84890
1500305,85200
1500306,85216
1500307,85264
1500308,85280
1500309,85408
1500310,85520
1500311,85536
1500314,85616
1500316,85648
1500317,85936
1500318,85840
1500319,85870
1500320,85925
1500323,86256
1500324,86288
1500327,86645
1500328,86784
1500329,86832
1500330,86838
1500331,86842
1500332,86880
1500333,86896
1500335,87000
1500336,87040
1500338,87156
1500339,87164
1500342,87225
1500343,87232
1500344,87360
1500345,87370
1500346,87414
1500347,87520
1500348,87568
1500349,87584
1500350,87616
1500351,87705
1500352,87712
1500353,87744
1500354,87776
1500355,87792
1500399,50184
1500440,99139
1500545,99173
1500620,08280
1500643,13912
1500674,22752
1500710,33952
1500747,99117
1500931,49768
1500936,99125
1501031,73056
1501039,83328
1501042,84896
1501122,99081
1501137,57304
1501196,99077
1501265,79696
1501336,42520
1501379,99197
1501465,99155
1501502,99029
1501512,16280
1501641,73712
1501937,00548
1502063,48728
1502085,58225
1502770,99089
1502780,13512
1502782,17504
1502783,19952
1502785,20848
1502793,30016
1502794,34064
1502798,42024
1502802,50760
1502806,71344
1502808,74320
1502812,79456
1539496,32440
1539496,32440
1549758,40660
1549758,40660
1549869,62404
1549869,62404
1551778,46156
1551778,46156
1553909,07852
1553909,07852
1673638,99017
1673664,99045
1673675,99005
1673683,17312
1673774,99091
1673917,71808
1673918,99171
1673976,99157
1674058,99187
1674063,02064
1674218,38856
1674225,99145
1674234,87840
1674271,99075
1674418,99023
1674492,12296
1674551,26960
1674630,99121
1674818,99019
1674888,64352
1674917,99031
1675170,99003
1675404,78160
1675411,80144
1690039,54760
1690257,99183
1690562,99043
1690673,71825
1690739,99053
1690742,22592
1690750,27664
1690810,69216
1690838,84944
1702378,99093
1721391,74100
1739612,35640
1740338,75360
1749073,02112
1749701,19560
1749730,76464
1759851,09248
1760056,25877
1760938,46328
1760962,76416
1761535,87430
1778741,32592
1782067,16960
1783506,03000
1789068,14968
1789069,19728
1789070,26496
1789071,45512
1789072,49784
1789073,67000
1789074,70000
1789075,75216
1789076,86160
1789077,86720
1793650,05544
1802666,48996
1802674,47296
1802683,64134
1852915,16208
1852916,45957
1852917,57531
1852918,80000
1852919,80656
1852920,84632
1852921,87960
1867583,04640
1867584,06728
1867585,11230
1867586,14544
1867587,18792
1867588,29136
1867589,31608
1867590,40584
1867591,43424
1867592,43432
1867593,44620
1867594,50030
1867595,52658
1867596,52904
1867597,67288
1867598,68880
1867599,74470
1867600,81152
1867601,84424
1867602,87240
1926950,09188
1927074,90008
1927075,90016
1927076,90032
1927077,90048
1927078,90064
1927079,90080
1927080,90096
1927081,90104
1927082,90120
1927083,90128
1927084,90136
1927085,90152
1927086,90168
1927087,90184
1927088,90192
1927089,90200
1927090,90208
1927091,90224
1927092,90232
1927093,90240
1927094,90248
1927095,90256
1927096,90272
1927097,90304
1927098,90288
1927099,90320
1927100,90328
1927101,90352
1927102,90368
1927103,90376
1927104,90384
1927105,90392
1927106,90400
1927107,90408
1927108,90424
1927109,90432
1927110,90440
1927111,90458
1927112,90464
1927113,90472
1927114,90480
1927115,90488
1927116,90496
1927117,90504
1927118,90512
1927119,90528
1927120,90544
1927121,90552
1927122,90568
1927123,90576
1927124,90592
1927125,90608
1927126,90616
1927127,90624
1927128,90632
1927129,90640
1927130,90648
1927131,90656
1927132,90664
1927133,90672
1927134,90680
1927135,90688
1927136,90696
1927137,90704
1927138,90712
1927139,90720
1927140,90728
1927141,90736
1927142,90760
1927143,90800
1927144,90808
1927145,90816
1927146,90824
1927147,90832
1927148,90840
1927149,90848
1927150,90872
1927151,90880
1927152,90888
1927153,90896
1927154,90904
1927155,90920
1927156,90928
1927157,90944
1927158,90952
1927159,90968
1927160,90976
1927161,90992
1927162,91000
1927163,91008
1927165,91024
1927166,91032
1927167,91040
1927168,91056
1927169,91072
1927170,91080
1927171,91088
1927172,91096
1927173,91104
1927174,91136
1927175,91196
1927176,91199
1927177,91200
1927178,91220
1927179,91222
1927180,91232
1927181,91236
1927182,91247
1927183,91253
1927184,91257
1927185,91258
1927186,91259
1927187,91260
1927188,91261
1927189,91265
1927190,91271
1927191,91276
1927192,91277
1927193,91288
1927194,91290
1927195,92553
1927196,91346
1927197,91349
1927198,91350
1927199,91370
1927200,91372
1927201,91382
1927202,91386
1927203,91397
1927204,91403
1927205,91407
1927206,91408
1927207,91409
1927208,91410
1927209,91411
1927210,91415
1927211,91421
1927212,91426
1927213,91427
1927214,91438
1927215,91440
1927216,92563
1927217,91496
1927218,91499
1927219,91500
1927220,91520
1927221,91522
1927222,91532
1927223,91536
1927224,91547
1927225,91553
1927226,91557
1927227,91558
1927228,91559
1927229,91560
1927230,91561
1927231,91565
1927232,91571
1927233,91577
1927234,91588
1927235,91590
1927236,92573
1927237,91646
1927238,91649
1927239,91650
1927240,91670
1927241,91672
1927242,91682
1927243,91686
1927244,91697
1927245,91703
1927246,91707
1927247,91708
1927248,91709
1927249,91710
1927250,91711
1927251,91715
1927252,91721
1927253,91726
1927254,91727
1927255,91738
1927256,91740
1927257,92583
1927258,91796
1927259,91799
1927260,91800
1927261,91820
1927262,91822
1927263,91832
1927264,91836
1927265,91847
1927266,91853
1927267,91857
1927268,91858
1927269,91859
1927270,91860
1927271,91861
1927272,91865
1927273,91871
1927274,91876
1927275,91877
1927276,91890
1927277,92593
1927278,91946
1927279,91986
1927280,92003
1927281,92008
1927282,92026
1927283,92027
1927284,92603
1927285,92096
1927286,92136
1927287,92153
1927288,92613
1927289,92246
1927290,92286
1927291,92303
1927292,92623
1927293,92396
1927294,92453
1927295,92723
1927296,92823
1927297,92923
1927298,93023
1927299,93123
1927300,93223
1927301,93323
1927302,93391
1927303,93399
1927304,93407
1927305,93415
1927306,95133
1927306,95133
1927307,93447
1927308,91412
1927309,93471
1927310,93431
1927311,93439
1927312,93479
1927313,93495
1927314,93511
1927315,93527
1927316,93535
1927317,93551
1927318,93575
1927319,93599
1927320,93607
1927321,93615
1927322,93631
1927323,93639
1927324,93663
1927325,93671
1927326,93679
1927327,93687
1927328,93703
1927329,93735
1927330,93743
1927331,93767
1927332,93783
1927333,93823
1927334,93831
1927335,93839
1927336,93847
1927337,93855
1927338,93863
1927339,93887
1927340,93895
1927341,93903
1927342,93911
1927343,93919
1927344,93927
1927345,93943
1927346,93951
1927347,93959
1927348,93967
1927349,93975
1927350,93983
1927351,93999
1927352,94007
1927353,94015
1927354,94023
1927355,94031
1927356,94039
1927357,94055
1927358,94063
1927359,94071
1927360,94079
1927361,94087
1927362,94103
1927363,91576
1927364,94127
1927365,94135
1927366,94143
1927367,94151
1927368,94167
1927369,94175
1927370,94183
1927371,94191
1927372,94207
1927373,94215
1927374,94231
1927375,94247
1927376,94287
1927377,94303
1927378,94311
1927379,94343
1927380,94335
1927381,94375
1927382,94383
1927383,94423
1927384,94431
1927385,94463
1927386,94479
1927387,94487
1927388,91562
1927389,94511
1927390,94527
1927391,94543
1927392,94551
1927393,94559
1927394,94575
1927395,94583
1927396,94591
1927397,94607
1927398,94623
1927399,94631
1927400,94639
1927401,94647
1927402,94655
1927403,94671
1927404,94679
1927405,94687
1927406,94695
1927407,94703
1927408,94711
1927409,94719
1927410,94727
1927411,94743
1927412,94751
1927413,94783
1927414,94759
1927415,94799
1927416,94807
1927417,94823
1927418,94831
1927419,91712
1927420,94839
1927421,94855
1927422,94863
1927423,94871
1927424,94879
1927425,94895
1927426,94903
1927427,94911
1927428,94919
1927429,94887
1927430,94927
1927431,94935
1927432,94943
1927433,94959
1927434,94967
1927435,94983
1927436,94991
1927437,94999
1927438,95015
1927439,95023
1927440,95039
1927441,95047
1927442,95055
1927443,95063
1927444,95071
1927445,95079
1927446,95087
1927447,95095
1927448,95111
1927449,95119
1927450,95135
1927451,95151
1927452,95159
1927453,95167
1927454,95191
1927455,95199
1927456,95223
1927457,95255
1927458,95263
1927459,95271
1927460,95279
1927461,95295
1927462,95311
1927463,95327
1927464,95319
1927465,95335
1927466,95343
1927467,95351
1927468,95375
1927469,95383
1927470,95391
1927471,95407
1927472,95415
1927473,95399
1927474,95423
1927475,95431
1927476,95439
1927477,95455
1927478,95479
1927479,95487
1927480,95495
1927481,95503
1927482,95511
1927483,95535
1927484,95543
1927485,95551
1927486,95559
1927487,95567
1927488,95575
1927489,95591
1927490,95599
1927491,95607
1927492,95615
1927493,95623
1927494,95631
1927495,95639
1927496,95647
1927497,91862
1927498,95663
1927499,95687
1927500,95703
1927501,95719
1927502,95735
1927503,95727
1927504,95743
1927505,95751
1927506,95759
1927507,95775
1927508,95791
1927509,95799
1927510,95807
1927511,95767
1927512,95815
1927513,95823
1927514,95847
1927515,95527
1927516,95863
1927517,95879
1927518,95887
1927519,95895
1927520,95903
1927521,95911
1927522,95919
1927523,95927
1927524,95935
1927525,95951
1927526,95967
1927527,95975
1927528,95983
1927529,95991
1927529,95991
1927529,95991
1927530,95999
1927531,96007
1927532,96015
1927533,96023
1927534,96047
1927535,96063
1927536,96079
1927537,96087
1927538,96103
1927539,96111
1927540,96119
1927541,96127
1927542,96135
1927543,96143
1927544,96151
1927545,96159
1927546,96167
1927547,96175
1927548,96183
1927549,96199
1927550,96207
1927551,96215
1927552,96223
1927553,96231
1927554,96239
1927555,96255
1927556,96263
1927557,96271
1927558,96303
1927559,91262
1927560,96327
1927561,96343
1927562,96287
1927563,96295
1927564,96319
1927565,96335
1927566,96351
1927567,96359
1927568,96367
1927569,96375
1927570,96383
1927571,96399
1927572,96407
1927573,96423
1927574,96415
1927575,96431
1927576,96439
1927577,96455
1927578,96463
1927579,96471
1927580,96479
1927581,91016
1930433,95250
1940302,23732
1940308,80120
1946099,90877
1946100,90878
1946101,95635
1952416,91210
1952417,91360
1952418,91510
1952419,91660
1952577,91241
1952578,91391
1952579,91541
1952580,91691
1952581,91841
1952863,96027
1955007,95131
1955007,95131
1985694,09952
1986190,92713
1986191,92813
1986192,92913
1986193,93013
1986194,93113
1986195,93213
1986196,93313
1986427,91215
1986428,91365
1986429,91515
1989122,93683
2389036,25496
2389043,25800
2389052,26128
2389055,26384
2389061,26736
2389067,27040
2389074,27264
2389075,27296
2389082,27712
2389083,27744
2389088,27968
2389095,28688
2389102,29008
2389103,29040
2389106,29136
2389108,29152
2389120,00468
2389138,01912
2389142,02112
2389148,03000
2389156,03512
2389166,04088
2389176,04872
2389177,04920
2389195,05928
2389200,06216
2389204,06728
2389220,08200
2389225,08472
2389259,11230
2389260,11464
2389273,12600
2389286,13512
2389288,13720
2389299,14440
2389300,14544
2389302,14744
2389305,15048
2389312,16096
2389315,16208
2389328,17120
2389335,17680
2389345,18352
2389374,20240
2389381,20560
2389388,21008
2389389,21088
2389390,21152
2389411,22976
2389417,23584
2389420,23744
2389423,23984
2389435,24496
2389462,48376
2389467,50856
2389475,51192
2389476,51208
2389498,52658
2389501,52904
2389519,54144
2389550,55752
2389557,56464
2389583,57531
2389584,57560
2389601,58312
2389606,58472
2389646,60984
2389656,61464
2389669,62264
2389718,65128
2389718,65128
2389728,65744
2389728,65744
2389745,66672
2389774,68880
2389775,68885
2389789,69472
2389791,69536
2389809,29552
2389822,30176
2389846,31200
2389856,31608
2389857,31616
2389867,32496
2389883,32944
2389886,33584
2389892,34304
2389928,37032
2389945,37880
2389945,37880
2389952,38552
2389960,39064
2389964,39304
2389966,39448
2389981,84368
2389988,41144
2389998,42104
2390013,43352
2390022,43424
2390023,43432
2390029,43464
2390037,44280
2390039,44476
2390046,44620
2390070,45784
2390077,45957
2390084,46328
2390093,47064
2390094,47352
2390102,47720
2390106,48520
2390118,49144
2390129,50030
2390133,50136
2390137,50312
2390145,22160
2390148,22560
2390149,23376
2390150,23648
2390151,23680
2390152,23760
2390153,23952
2390159,24752
2390160,25008
2390167,25408
2390172,26416
2390178,27440
2390178,27440
2390183,27824
2390186,28544
2390194,29920
2390195,29968
2390201,30496
2390205,31056
2390206,31136
2390209,31376
2390212,31936
2390212,31936
2390213,31968
2390220,33232
2390221,33488
2390221,33488
2390222,33648
2390223,34064
2390224,34176
2390226,34240
2390236,35976
2390237,36008
2390244,36648
2390247,37288
2390249,37336
2390250,38280
2390254,70296
2390272,71072
2390277,71216
2390286,71632
2390293,71904
2390298,72272
2390330,74470
2390341,74592
2390352,75040
2390367,76272
2390370,76416
2390371,76448
2390391,78688
2390404,79360
2390409,79560
2390414,79952
2390416,80000
2390428,80608
2390431,80864
2390434,81152
2390472,84424
2390492,84976
2390495,84632
2390500,85184
2390524,87240
2390528,87312
2390533,87408
2390545,87960
2390552,88176
2390553,88240
2390557,90054
2390678,90985
2390679,91212
2390680,91234
2390681,91362
2390682,91384
2390683,91512
2390684,91534
2390685,91665
2390686,91684
2390687,91810
2390688,91956
2390689,92106
2390690,93524
2390691,94391
2390693,95083
2390694,00148
2390696,00180
2390698,00724
2390701,01528
2390702,01672
2390706,02040
2390707,02072
2390708,03368
2390720,05912
2390720,05912
2390723,06968
2390730,07480
2390731,07784
2390732,07832
2390736,08120
2390737,08152
2390739,08584
2390742,08888
2390743,08984
2390744,09016
2390745,09032
2390748,09208
2390752,09656
2390753,10040
2390754,10072
2390754,10072
2390756,10296
2390759,10744
2390761,11560
2390767,12808
2390770,12904
2390773,13784
2390778,14952
2390779,14984
2390780,15000
2390781,15112
2390791,16480
2390792,16512
2390793,16608
2390796,16880
2390797,16992
2390797,16992
2390802,17296
2390803,17376
2390804,17440
2390805,17504
2390806,17536
2390807,17552
2390808,17952
2390810,18400
2390811,18624
2390813,19600
2390815,19904
2390816,20160
2390817,20752
2390819,21184
2390823,21648
2391231,96459
2391234,54144
2391236,39224
2391239,39528
2391241,40024
2391242,40088
2391243,40232
2391245,40536
2391245,40536
2391247,41272
2391250,41656
2391251,41832
2391255,42264
2391256,42424
2391256,42424
2391259,43176
2391263,44520
2391265,44696
2391266,44984
2391275,47144
2391276,47208
2391279,47528
2391281,48488
2391286,49464
2391293,48344
2391295,50984
2391297,51448
2391300,51512
2391308,52120
2391311,52680
2391313,52952
2391317,53864
2391318,53992
2391321,54904
2391322,54984
2391323,55592
2391326,55848
2391330,56096
2391331,56304
2391340,58696
2391340,58696
2391345,59336
2391346,59384
2391347,59496
2391349,60296
2391350,60488
2391350,60488
2391351,60680
2391354,61208
2391355,61336
2391356,61560
2391359,61896
2391365,63288
2391368,63928
2391370,64272
2391374,64880
2391376,65008
2391377,65120
2391384,66512
2391386,66896
2391387,66928
2391390,67208
2391395,68496
2391396,69168
2391399,69456
2391400,69936
2391400,69936
2391401,70096
2391401,70096
2391403,70576
2391404,70752
2391405,70800
2391405,70800
2391410,71776
2391413,73200
2391421,73712
2391422,73904
2391423,69792
2391425,75008
2391426,75024
2391428,75344
2391429,75840
2391430,76000
2391431,76256
2391434,76880
2391438,77520
2391439,77568
2391440,77792
2391443,78192
2391446,78736
2391447,79024
2391451,79456
2391452,79472
2391458,80272
2391459,81024
2391461,81072
2391462,81280
2391464,81312
2391465,82320
2391466,82384
2391469,83136
2391470,83168
2391471,83248
2391473,83600
2391475,83808
2391480,84960
2391483,85600
2391488,86784
2391490,87072
2391494,87712
2391497,88000
2418562,9675R
2418815,9580R
2507992,12915
2519270,43375
2574171,88145
2584796,01256
2584797,02248
2584798,03208
2584799,03320
2584800,03528
2584801,03608
2584802,04856
2584803,05200
2584804,05336
2584805,06275
2584806,06424
2584807,06512
2584808,06712
2584809,08320
2584810,08675
2584811,08708
2584812,09064
2584813,09188
2584814,09248
2584815,09952
2584816,10652
2584817,10856
2584818,11470
2584819,12136
2584820,12264
2584821,12590
2584822,12915
2584823,13160
2584824,13192
2584825,13403
2584826,13624
2584827,13635
2584828,14312
2584829,14995
2584830,16736
2584831,17632
2584832,17776
2584833,19560
2584834,20436
2584835,21776
2584836,21872
2584837,23392
2584838,23408
2584839,23732
2584840,24816
2584841,25488
2584842,25792
2584843,26592
2584844,26701
2584845,26875
2584846,26944
2584847,28528
2584848,29628
2584849,30384
2584850,30480
2584851,30618
2584852,32560
2584853,32592
2584854,32624
2584855,35240
2584856,35912
2584857,37544
2584858,38032
2584859,38504
2584860,42664
2584861,42680
2584862,42746
2584863,43224
2584864,44048
2584865,44952
2584866,46456
2584867,46760
2584868,47136
2584869,47224
2584870,47296
2584871,48450
2584872,48776
2584873,48996
2584874,49320
2584875,49336
2584876,49656
2584877,49998
2584878,50568
2584879,50776
2584880,51362
2584881,51432
2584882,51544
2584883,52408
2584884,53031
2584885,53584
2584886,54120
2584887,55000
2584888,55400
2584889,55448
2584890,55528
2584891,55608
2584892,55720
2584893,55758
2584894,56048
2584895,58104
2584896,58184
2584897,59416
2584898,60376
2584899,60512
2584900,60840
2584901,60920
2584902,62738
2584903,63190
2584904,64512
2584905,64976
2584906,65280
2584907,65776
2584908,67256
2584909,67331
2584910,67352
2584911,68470
2584912,70352
2584913,70416
2584914,70520
2584915,70528
2584916,70680
2584917,70704
2584918,72080
2584919,73376
2584920,73760
2584921,74100
2584922,74120
2584923,74160
2584924,74916
2584925,75376
2584926,75702
2584927,76464
2584928,77648
2584929,77856
2584930,78532
2584931,80016
2584932,80120
2584933,82371
2584934,83056
2584935,83568
2584936,85608
2584937,87008
2584937,87008
2584938,87333
2584939,87430
2584940,88145
2585798,44430
2612516,39920
2628829,01240
2628830,07944
2628831,09752
2628832,14904
2628833,33824
2628834,40216
2628835,42536
2628836,43430
2628837,47496
2628838,50200
2628839,55800
2628840,57870
2629016,01640
2629017,07400
2629018,07976
2629019,20768
2629020,22576
2629021,25968
2629022,28496
2629023,29840
2629024,31808
2629025,35160
2629026,36216
2629027,40248
2629028,42568
2629029,42792
2629030,43704
2629031,50104
2629032,52968
2629033,60392
2629034,64384
2629035,64560
2629036,69360
2629037,70112
2629038,70715
2629039,71040
2629040,74384
2629041,76912
2629042,80165
2629043,83088
2629707,70256
2629708,25877
2629747,02064
2629748,72935
2629749,71826
2629750,71810
2629750,71810
2629751,71825
2629752,06336
2629753,24544
2629754,50020
2629755,11245
2629765,10776
2629766,39544
2629767,49792
2629768,55272
2629769,64152
2629770,31488
2629771,36445
2629811,53480
2629812,53944
2629841,48445
2629842,71264
2629843,60888
2629844,67704
2629845,73894
2629846,74848
2629847,77925
2629848,79768
2629849,87380
2629897,79768
2629898,87380
2630619,07160
2630622,08264
2630623,55984
2630624,15176
2630625,16240
2630625,16240
2630626,18880
2630626,18880
2630627,21016
2630705,22064
2630763,21312
2630763,21312
2630764,43600
2630777,32320
2630778,35640
2630779,43420
2630780,43359
2630781,43392
2630782,71625
2631243,38632
2631323,90732
2631324,93427
2631325,94883
2631326,95755
2631327,96283
2631346,19571
2633240,26875
2633241,50568
2633242,63190
2633243,87333
2652111,58194
2652392,06336
2652420,44430
2746028,90022
2746030,90076
2747387,79640
2747916,60512
2750017,91209
2750018,91359
2750019,91509
2750034,91659
2750054,91805
2750055,91950
2750056,92066
